lab_id,study_area,stevenson_age,stevenson_sd,post_mean,post_sd,q025,q975,ci_width,age_diff,exceeds_claimed
DHR-1616,SA1,327.5943806226352,30,445.6726193952459,155.68545071053964,164.6497092957823,771.1203780814076,606.4706687856253,118.07823877261069,TRUE
DHR-1617,SA1,393.6031837077273,30,482.57312806564084,156.5388481646634,192.5797821351969,795.8905316815213,603.3107495463245,88.96994435791356,TRUE
DHR-1618,SA1,383.3504031264037,30,486.8901939418812,155.08274151106306,197.22446634627875,801.7249192903168,604.5004529440381,103.53979081547749,TRUE
DHR-1619,SA1,565.623660995245,30,553.4680497390989,150.88694771225138,262.0995613072226,844.6972531339796,582.597691826757,-12.15561125614613,TRUE
DHR-1620,SA1,653.4385919180268,30,579.6322214588479,147.6414224252235,286.65947728213433,854.5385799969446,567.8791027148102,-73.80637045917888,TRUE
DHR-1621,SA1,401.4527334460588,30,479.6166851957676,157.27758321713196,188.5764629949996,796.9630685819745,608.386605586975,78.16395174970881,TRUE
DHR-1622,SA1,253.59765550446147,30,402.0543549548562,153.0307116802938,139.802884439929,725.312321448242,585.509437008313,148.45669945039472,TRUE
DHR-1623,SA1,728.308716958112,30,608.2759446927113,144.09082879426887,317.41773771134154,868.6567589878897,551.2390212765481,-120.0327722654007,TRUE
DHR-1624,SA1,258.1373075638089,30,397.9335387241251,151.15459925067447,137.94445496460932,721.7074942807232,583.7630393161138,139.7962311603162,TRUE
DHR-1625,SA1,673.0598715931487,30,588.1238140517675,149.05102242945938,292.35485021038386,861.5145378763391,569.1596876659553,-84.93605754138127,TRUE
DHR-1626,SA1,382.28527678255466,30,459.0992146659633,155.09492778680826,173.2590449025715,777.244668402807,603.9856235002354,76.81393788340864,TRUE
DHR-1627,SA1,568.0216037823345,30,563.3888171668206,152.59568274015047,264.56002402902766,854.0103767453894,589.4503527163617,-4.6327866155139645,TRUE
DHR-1628,SA1,427.690708899932,30,490.2045639352757,154.17876176204265,202.35838661975595,800.5581778604995,598.1997912407436,62.51385503534368,TRUE
DHR-1629,SA1,520.6790264912705,30,536.3269663025527,152.6594883370781,242.20165075292581,834.3129379082656,592.1112871553397,15.647939811282185,TRUE
DHR-1630,SA1,480.4984694233154,30,521.5889063211744,151.49355090931112,230.56455766812655,824.6760565145947,594.1114988464682,41.09043689785898,TRUE
DHR-1631,SA1,308.44697416632164,30,440.04383089407054,155.08365770979722,162.59655648520817,761.0375689242991,598.4410124390909,131.5968567277489,TRUE
DHR-1632,SA1,393.501601174955,30,482.17192389253574,152.91764839676333,195.9668889464148,789.4231614605967,593.4562725141819,88.67032271758075,TRUE
DHR-1633,SA1,669.2750604325465,30,602.08725070904,144.57757586732225,314.4096692282869,864.5967981127199,550.1871288844329,-67.18780972350658,TRUE
DHR-1634,SA1,436.0765294842161,30,507.3576942181371,155.66474877650467,213.97560486368775,816.9019053622806,602.9263004985928,71.281164733921,TRUE
DHR-1635,SA1,314.74696184531103,30,438.63666315767676,155.65184507855383,161.27417513706237,762.6322290884767,601.3580539514144,123.88970131236573,TRUE
DHR-1636,SA1,410.838586994008,30,488.0134418349816,153.79010908458855,200.47764517052,792.9851142559876,592.5074690854676,77.17485484097364,TRUE
DHR-1638,SA1,646.314133878384,30,588.2646408649288,145.48278566419998,299.91207280688013,857.1751364159245,557.2630636090444,-58.049493013455276,TRUE
DHR-1639,SA1,489.0735962223376,30,531.9234817878524,154.1265281000706,232.21735167635154,831.016429140323,598.7990774639715,42.84988556551485,TRUE
DHR-1640,SA1,552.484785647533,30,538.8757845074027,153.3429441061544,242.04467287569176,835.6048596498698,593.5601867741781,-13.609001140130317,TRUE
DHR-1641,SA1,423.0662863215381,30,500.88159932642316,150.94595697908767,218.00865419063385,802.7090357524036,584.7003815617697,77.81531300488507,TRUE
DHR-1642,SA1,382.5136869155962,30,473.30904551916797,155.20356869927895,184.90913115630886,791.6653434045651,606.7562122482562,90.79535860357174,TRUE
DHR-1644,SA1,714.3667760701381,30,597.2921570965551,145.17736720482253,307.9125627521422,862.0453227925523,554.1327600404101,-117.07461897358303,TRUE
DHR-1646,SA1,413.0457843858856,30,502.7012105661716,153.7339760872423,208.80118788619689,810.4686690617241,601.6674811755272,89.65542618028599,TRUE
DHR-1647,SA1,482.7417130601556,30,524.7068970703181,152.4373510487489,232.7004176161803,824.9496142545503,592.24919663837,41.96518401016249,TRUE
DHR-1648,SA1,481.03020686277375,30,525.3843909227421,151.37193129178942,237.5016307009318,822.7260613937485,585.2244306928167,44.35418405996836,TRUE
DHR-1649,SA1,254.14876240052865,30,407.22115916291557,154.0851419342042,142.53476208320225,734.9069696005097,592.3722075173074,153.07239676238692,TRUE
DHR-1650,SA1,541.7890496868415,30,542.8060567458529,152.16626624139693,247.36471984593555,838.35877538168,590.9940555357443,1.0170070590113482,TRUE
DHR-1652,SA1,694.8775815466096,30,597.7107956608652,144.1149448340308,306.4082990884401,858.8468039484324,552.4385048599922,-97.16678588574439,TRUE
DHR-1653,SA1,335.30085282976773,30,440.4504935646498,153.92212795234232,163.376501895592,762.2412604052719,598.8647585096799,105.14964073488204,TRUE
DHR-1654,SA1,433.52188960894847,30,502.0699261842039,155.53998888420182,206.87592817017153,812.2767049970424,605.4007768268709,68.54803657525542,TRUE
DHR-1655,SA1,348.7964320721488,30,468.5959162679311,153.2517754717745,182.50580612771805,781.9737860385766,599.4679799108585,119.79948419578233,TRUE
DHR-1656,SA1,449.0609581292956,30,517.5010230364661,153.9955090427864,222.13642273331487,821.3338474269407,599.1974246936259,68.4400649071705,TRUE
DHR-1657,SA1,740.588317615672,30,614.8514276694779,143.36857284730283,327.0382474403458,866.5757973425505,539.5375499022047,-125.7368899461942,TRUE
DHR-1658,SA1,533.4159891651854,30,549.1972497424908,149.87961241938305,256.553165276843,840.064939378832,583.511774101989,15.781260577305488,TRUE
DHR-1660,SA1,456.12043145094174,30,504.80553920316146,153.09728754972366,212.81704880535793,807.8354532038229,595.018404398465,48.68510775221972,TRUE
DHR-1662,SA1,353.92978173381886,30,472.0683250466646,157.29283304061548,181.148401781932,792.8023645051494,611.6539627232174,118.13854331284574,TRUE
DHR-1664,SA1,532.1837811394983,30,544.2595475527653,148.7531947726426,253.59807819010183,830.4646631650583,576.8665849749564,12.075766413267047,TRUE
DHR-1666,SA1,697.2170948388006,30,593.9046653814012,145.52623568430457,302.8607508445018,857.8787430569342,555.0179922124324,-103.31242945739939,TRUE
DHR-1668,SA1,554.0755226081345,30,558.6719601517558,150.37101016623097,266.8474591035877,847.3682018210858,580.520742717498,4.596437543621278,TRUE
DHR-1670,SA1,597.5071623717039,30,568.458016809121,150.0648934813044,275.32959332907376,853.8970200868865,578.5674267578128,-29.049145562582908,TRUE
DHR-1673,SA1,356.70925230378185,30,460.35724634131833,152.2832472191901,179.1119115656919,774.8331327586529,595.721221192961,103.64799403753648,TRUE
DHR-1675,SA1,374.93539103787873,30,467.34987695442413,155.39608823925508,179.78851183301165,786.2884703611851,606.4999585281735,92.4144859165454,TRUE
DHR-1677,SA1,213.6957111361277,30,367.3982091217239,147.78676454836085,125.49768936186534,684.7715481344596,559.2738587725943,153.70249798559618,TRUE
DHR-1678,SA1,280.8266072948364,30,422.2789647948213,152.76656015699072,153.5711401829905,743.8982422511789,590.3271020681884,141.45235749998494,TRUE
DHR-1682,SA1,651.7483021916865,30,571.7057402968017,149.94362024587724,273.6472207353802,851.8407871598824,578.1935664245023,-80.0425618948849,TRUE
DHR-1683,SA1,426.5167193130469,30,508.5232529498741,154.7319504214771,217.8761942379102,815.8854847114129,598.0092904735027,82.00653363682721,TRUE
DHR-1685,SA1,480.7645098125408,30,514.4779548823146,156.44468451066948,215.357622800071,823.380384842461,608.02276204239,33.713445069773854,TRUE
DHR-1686,SA1,436.54112019220025,30,495.3012287582101,153.1419612765404,207.0805047368951,802.3349089883865,595.2544042514913,58.76010856600982,TRUE
DHR-1687,SA1,390.6429932004416,30,485.01917343121323,155.84235287866449,192.42973010818235,799.8884513667497,607.4587212585673,94.37618023077164,TRUE
DHR-1688,SA1,442.6149118903353,30,492.0615865126869,155.50055648314705,197.84113143050612,806.39544854462,608.5543171141138,49.44667462235162,TRUE
DHR-1690,SA1,729.691721758466,30,593.7803874881519,145.32402214015573,305.3856079094836,857.0730853916742,551.6874774821906,-135.91133427031411,TRUE
DHR-1693,SA1,492.5109912847379,30,522.3640320396663,153.9170177089242,230.9920456990068,823.4302832095137,592.438237510507,29.85304075492843,TRUE
DHR-1694,SA1,555.893679008092,30,565.4562804809908,151.74905926612612,268.3655490557675,849.1690943837278,580.8035453279604,9.562601472898791,TRUE
DHR-1696,SA1,389.2242545719028,30,486.53423515090714,155.112755096182,194.18435256969676,796.9939307563259,602.8095781866291,97.30998057900433,TRUE
DHR-1697,SA1,409.08644696450807,30,495.841327792483,157.81550345004516,203.4899217525882,811.5908720974768,608.1009503448886,86.75488082797494,TRUE
DHR-1698,SA1,434.7975773030522,30,510.1260080648251,152.65260974239368,217.04126159255287,809.6182922763787,592.5770306838258,75.32843076177289,TRUE
DHR-1699,SA1,361.9801577966529,30,457.8885837858252,153.14064747167765,173.7337625368626,770.6850671468356,596.951304609973,95.90842598917226,TRUE
DHR-1700,SA1,481.121888787776,30,512.8565305886091,153.03154445360633,220.07071871369922,819.8939761948144,599.8232574811152,31.73464180083306,TRUE
DHR-1701,SA1,554.9297441403645,30,559.3811923523465,150.20639258112132,267.5329563103814,845.5634582473081,578.0305019369266,4.451448211981983,TRUE
DHR-1702,SA1,565.1736112270396,30,562.9014803265738,151.19690563175322,269.13412157558656,847.5638276221644,578.4297060465778,-2.272130900465754,TRUE
DHR-1705,SA1,493.7717763152206,30,522.9930963503726,150.61169083852735,235.11289779111505,819.9482332454743,584.8353354543592,29.22132003515202,TRUE
DHR-1706,SA1,343.901392362772,30,512.5417202419619,154.11981163741058,219.84967190081053,816.20227219669,596.3526002958795,168.6403278791899,TRUE
DHR-1707,SA1,380.3833439198452,30,481.772351005042,155.44334386046503,196.00377778657733,791.0902212246982,595.0864434381209,101.38900708519685,TRUE
DHR-1709,SA1,361.4191080333792,30,470.8845875075356,153.94695925318544,181.69413766483729,782.4417773301678,600.7476396653306,109.46547947415644,TRUE
DHR-1731,SA1,263.960412091285,30,405.3241793778617,153.8573178160524,140.52883010639934,730.0410556469049,589.5122255405055,141.36376728657672,TRUE
DHR-1732,SA1,306.0291933145509,30,434.8399247731299,153.79831982017643,158.4155015049852,757.8851157733754,599.4696142683903,128.81073145857897,TRUE
DHR-1734,SA1,454.9154276033966,30,479.8262590992265,155.7291387467833,188.27849297370807,799.8601593372367,611.5816663635287,24.910831495829882,TRUE
DHR-1735,SA1,617.0365467905003,30,546.2385173690964,152.6025839940503,249.8925430344599,836.6332923398346,586.7407493053747,-70.79802942140395,TRUE
DHR-1736,SA1,361.27250045021367,30,457.13964709022724,155.8349975110449,173.4743878684354,776.6003309293917,603.1259430609563,95.86714664001357,TRUE
DHR-1737,SA1,346.0734996005627,30,431.8621412794472,152.62640474789117,158.94157263694206,749.0848748723479,590.1433022354058,85.78864167888452,TRUE
DHR-1738,SA1,344.6335999841834,30,466.7066921295464,151.186608800544,187.12023233220614,779.1870479187353,592.0668155865292,122.07309214536303,TRUE
DHR-1741,SA1,315.5411911857425,30,427.769499198607,154.59086103397115,151.43622743643718,751.7022899470389,600.2660625106017,112.22830801286449,TRUE
DHR-1742,SA1,524.565601464411,30,537.1205670475148,153.10505121564822,238.57106925053924,833.0471839869307,594.4761147363914,12.554965583103808,TRUE
DHR-1743,SA1,263.92205206758075,30,412.0516924444989,153.62352907925876,144.6496137285797,738.8301964592877,594.180582730708,148.12964037691813,TRUE
DHR-1744,SA1,476.8608334121389,30,516.6075082401819,154.52860116341455,225.73937624770997,823.5559897483686,597.8166135006586,39.74667482804301,TRUE
DHR-1745,SA1,238.8559290463193,30,382.658837681507,150.2914352068864,131.99783021102365,703.4464138954135,571.4485836843899,143.80290863518772,TRUE
DHR-1751,SA1,632.6265011799674,30,552.3739930683279,150.58353295632588,263.35157097757065,843.0379337524522,579.6863627748816,-80.25250811163949,TRUE
DHR-1753,SA1,344.04264041739657,30,453.3951195224011,153.5033747966924,171.61678734818145,769.6093264308022,597.9925390826207,109.35247910500453,TRUE
DHR-1754,SA1,492.48648909195936,30,503.9048770760433,154.73401332733718,212.52841568071742,814.9373127931716,602.4088971124542,11.41838798408395,TRUE
DHR-1755,SA1,574.9577340882624,30,554.2217664112671,150.93887870539288,264.60631208254426,841.1829141683847,576.5766020858405,-20.7359676769953,TRUE
DHR-1756,SA1,672.0909688842577,30,589.3814726872674,145.85331784911898,298.43919060229,859.1744168814066,560.7352262791167,-82.70949619699024,TRUE
DHR-1757,SA1,634.743345329585,30,563.516271348962,150.92931227247087,268.80848572531414,845.024214570793,576.2157288454789,-71.227073980623,TRUE
DHR-1709,SA1,454.01116519523424,30,473.19191859280795,157.50510147445866,182.39359758172148,792.0203457766817,609.6267481949602,19.18075339757371,TRUE
DHR-1710,SA1,521.4678340497006,30,526.6794599102225,150.9004731498,237.020390343343,825.9537328032225,588.9333424598794,5.211625860521849,TRUE
DHR-1711,SA1,400.9035143117146,30,501.1481520940767,153.645621294426,209.1652116990614,811.3739565544236,602.2087448553622,100.24463778236208,TRUE
DHR-1713,SA1,418.7322638268384,30,498.17967474810865,155.4100170374224,207.66740831801798,806.4148111166742,598.7474027986561,79.44741092127026,TRUE
DHR-1714,SA1,387.93356192333886,30,499.45974547432354,154.2919558920167,210.84446002218985,807.8196489157747,596.9751888935848,111.52618355098468,TRUE
DHR-1715,SA1,420.66638436857465,30,507.06380033582604,152.58525308946062,216.70076489684547,810.9331986452694,594.2324337484239,86.39741596725139,TRUE
DHR-1716,SA1,450.07242250860935,30,507.63988049746035,153.3764600022978,215.46753707503422,807.3707985266258,591.9032614515916,57.567457988851004,TRUE
DHR-1717,SA1,458.5911209018434,30,511.57276599178385,155.78798635164728,218.80242270259163,821.8874348904066,603.085012187815,52.98164508994046,TRUE
DHR-1718,SA1,355.3786821651311,30,487.4414716290401,155.6999573859729,194.90224646248387,803.07274982163494,608.1705033591511,132.06278946390898,TRUE
DHR-1720,SA1,396.14886531926567,30,493.49461087920133,155.7240723935863,199.4060672211663,807.6290996928177,608.2230324716514,97.34574555993566,TRUE
DHR-1721,SA1,470.45448216620093,30,517.2751379706957,152.05290095044458,229.02428764426085,816.7249668536236,587.7006792093628,46.82065580449478,TRUE
DHR-1722,SA1,392.23267312317626,30,501.4995292005524,153.7018199766994,211.57441472997772,807.8446335009097,596.2702187709319,109.26685607737613,TRUE
DHR-1723,SA1,508.1339408958615,30,513.8185555355723,154.5924707292481,217.4146922037143,821.0773397271223,603.6626475234079,5.684614639710787,TRUE
DHR-1724,SA1,518.3377955204811,30,523.1548126597743,151.78516343851663,233.23793479398884,820.6363145108571,587.3983797168682,4.817017139293171,TRUE
DHR-1725,SA1,286.0070053588212,30,466.80139122152985,154.4957985765058,181.86434336160823,783.0899379520229,601.2255945904146,180.79438586270868,TRUE
DHR-1726,SA1,391.80112125047606,30,499.6562227787861,156.4891653091239,204.57831823418448,811.2662973003539,606.6879790661694,107.85510152831006,TRUE
DHR-1727,SA1,492.61859052003183,30,522.3219427941652,153.6992489986447,231.4043445965587,825.9909753050143,594.5866307084557,29.703352274133408,TRUE
DHR-1590,SA1,669.483607652194,30,564.7253140316056,148.62656171650687,275.41107704012535,848.3610505359912,572.9499734958658,-104.75829362058835,TRUE
DHR-1591,SA1,602.2333574635761,30,537.3358209559786,151.82137217786143,245.19648583206555,833.6793275187442,588.4828416866787,-64.89753650759747,TRUE
DHR-1592,SA1,731.9302452135116,30,720.7128345893688,116.11106878258171,460.1025521761481,890.2676306416257,430.1650784654776,-11.217410624142872,TRUE
DHR-1594,SA1,403.4780327891896,30,587.1626278858342,146.4244562302711,297.6781962583966,857.9924572645739,560.3142610061773,183.6845950966446,TRUE
DHR-1596,SA1,713.855453958638,30,570.293997921253,146.92176929741564,279.32085776067146,850.470931491467,571.1500737307956,-143.56145603738503,TRUE
DHR-1598,SA1,667.3933636085038,30,553.847683730363,152.66381860094074,257.78685802445625,843.9824807972061,586.1956227727499,-113.54567987814085,TRUE
DHR-1599,SA1,648.7736745022804,30,553.3117933288128,153.28521031631888,253.26839212310395,844.0361196229939,590.7677274998899,-95.46188117346765,TRUE
DHR-1600,SA1,507.9705622284028,30,493.4297577804484,152.7416063874458,205.5484055057951,800.7386316105685,595.1902261047734,-14.540804447954372,TRUE
DHR-1601,SA1,376.52471927844215,30,488.05470074052226,155.33321163719452,198.1457896701056,802.6990600191125,604.5532703490069,111.52998146208012,TRUE
DHR-1602,SA1,520.4604903695785,30,514.4797172414778,153.75802405487832,222.22272334307308,817.6091127646619,595.3863894215888,-5.980773128100623,TRUE
DHR-1603,SA1,582.6132181338534,30,538.1955796922788,152.9880253482581,246.29798167344168,836.9391637885855,590.6411821151438,-44.41763844157458,TRUE
DHR-1604,SA1,606.4923768344593,30,548.3080396633632,151.73977206516537,252.29247464961352,840.6240053520604,588.3315307024469,-58.184337171096104,TRUE
DHR-1605,SA1,567.501999348058,30,527.0067398950815,153.56305070075388,236.9664716593518,826.0658233304176,589.0993516710658,-40.495259452976484,TRUE
DHR-1606,SA1,677.9971899131199,30,543.1860552738643,153.53939066057345,248.23398241641877,837.8108278610714,589.5768454446527,-134.81113463925556,TRUE
DHR-1607,SA1,512.7682767200299,30,511.0293089238237,154.912403117609,218.41104885089482,818.9739689816017,600.562920130707,-1.738967796206225,TRUE
DHR-1608,SA1,628.7039325426923,30,546.9068028102195,151.1226022288602,252.0512423779515,837.5498793694732,585.4986369915216,-81.79712973247285,TRUE
DHR-1609,SA1,529.3130860081333,30,529.7856240583706,153.00356450231072,236.15698137249478,833.036147311286,596.8791659387912,0.47253805023729,TRUE
DHR-1610,SA1,531.556955508326,30,522.0117718581821,155.0525340675628,226.45722602625935,828.1397848370314,601.682558810772,-9.54518365014394,TRUE
DHR-1611,SA1,682.16361001649,30,560.4551964007808,149.75633984289846,265.37130698716834,845.9592358638224,580.5879288766541,-121.70841361570922,TRUE
DHR-1612,SA1,541.8918430176484,30,527.6667448722977,152.25740883246863,236.19984455351607,828.5191730309921,592.319328477476,-14.225098145350671,TRUE
DHR-1613,SA1,662.4600180202739,30,542.5373753223396,150.2682020182897,250.0475437198924,834.9964079416997,584.9488642218073,-119.9226426979343,TRUE
DHR-1614,SA1,234.28183100815835,30,491.566078211371,153.7052432705694,203.02634841170774,802.6291107609002,599.6027623491924,257.28424720321266,TRUE
DHR-1615,SA1,465.9227642626125,30,509.56331875476246,151.5300755959863,219.900954456028,813.5897626276758,593.6888081716478,43.64055449214999,TRUE
RBC-39,SA2,715.7544605623588,30,579.3444208386484,149.6586204961539,283.63621084130205,853.5817943307194,569.9455834894173,-136.41003972371038,TRUE
RBC-11,SA2,636.7559828000211,30,550.3972382705474,149.5911887452484,259.7966858052305,839.4576951173839,579.6610093121534,-86.35874452947371,TRUE
RBC-78,SA2,636.6712827153008,30,555.7532653491178,152.9057274606244,260.33552926515733,846.0564207856984,585.720891520541,-80.918017366183,TRUE
RBC-25,SA2,576.3906315750731,30,550.8096900223119,155.83574220073174,245.80683399274707,846.1142704222957,600.3074364295486,-25.58094155276126,TRUE
RBC-22,SA2,625.1248811612761,30,566.2493010485662,149.3456592448208,273.65797119111625,848.1491141049972,574.491142913881,-58.87558011270994,TRUE
RBC-55,SA2,540.8180431452598,30,537.7020566718202,151.87124916823456,244.90254848614333,831.9464595673917,587.0439110812483,-3.115986473439648,TRUE
RBC-8,SA2,733.7143797232065,30,586.056028443852,148.58196633394618,293.12939570010417,861.4953013857427,568.3659056856385,-147.65835127935452,TRUE
RBC-48,SA2,696.623859046843,30,570.1971003817144,150.16617037667868,274.8952709950734,848.5717090355121,573.6764380404386,-126.42675866512855,TRUE
RBC-75,SA2,659.0013883101724,30,555.8275368350327,149.80574159212495,263.39533534899033,844.4022656084007,581.0069302594104,-103.17385147513971,TRUE
RBC-12,SA2,655.088636720405,30,569.3296735165037,149.05214693443367,278.68058503742515,848.8338703420391,570.153285304614,-85.75896320390132,TRUE
RBC-16,SA2,642.5541702422568,30,571.9526056656955,147.21146310058714,281.4710266786681,850.1009050483418,568.6298783696736,-70.60156457656126,TRUE
RBC-9,SA2,613.7856585978385,30,550.3952172358275,152.73329310064244,254.68287850336156,841.9418311618705,587.2589526585089,-63.39044136201096,TRUE
RBC-5,SA2,631.9434018195329,30,574.3074568374238,150.95089870712349,276.72770471151097,858.7460729514095,582.0183682398986,-57.635944982109095,TRUE
RBC-41,SA2,611.1409675407415,30,554.9832058221342,152.96810991882103,255.64374684288683,846.4442630713947,590.800516228508,-56.157761718607276,TRUE
RBC-37,SA2,603.3405325586376,30,552.7365495589414,153.0771462659575,254.92542384078214,845.3577825088672,590.432358668085,-50.6039829996962,TRUE
RBC-54,SA2,594.804191247386,30,547.6506732996692,154.77955611546196,248.44690195297954,838.4430596792454,589.9961577262659,-47.153517947716864,TRUE
RBC-18,SA2,558.5151767506414,30,543.2472638988016,152.25825215949524,247.50234080941453,836.3956997101178,588.8933589007033,-15.26791285183981,TRUE
RBC-71,SA2,551.9963338634028,30,544.5945305025039,154.39299523584864,244.22925450191758,838.8492117846287,594.6199572827111,-7.401803360898953,TRUE
RBC-47,SA2,547.8973003958097,30,535.3758550474173,154.7642118786957,235.7709816182847,834.3655406056649,598.5945589873802,-12.521445348392376,TRUE
RBC-70,SA2,269.9504156592945,30,447.6679083285223,155.85351384433082,166.13197430406186,768.1794524441328,602.047478140071,177.7174926692278,TRUE
RBC-52,SA2,537.9346535529379,30,536.3861010435677,154.55790215140905,237.43381683289795,836.4383743770695,599.0045575441716,-1.5485525093702108,TRUE
RBC-32,SA2,530.037776871802,30,541.3434458633949,154.567585527515,246.51393534901317,840.3978583554789,593.8839230064657,11.305668991592938,TRUE
RBC-59,SA2,506.5814681671292,30,533.2561259255319,154.7268331517517,237.82394740648397,836.2766145009291,598.4526670944451,26.67465775840276,TRUE
RBC-53,SA2,473.69721110000484,30,512.8468968253507,154.97133915798315,218.07597139840811,818.5479462865517,600.4719748881436,39.14968572534582,TRUE
RBC-27,SA2,479.5559222752089,30,524.8209801018351,154.04805471587306,228.7096563644003,828.1505327036051,599.4408763392048,45.26505782662616,TRUE
RBC-57,SA2,468.1982900338105,30,518.2682816866557,152.3685239348471,228.88661232297383,815.9683613395656,587.0817490165917,50.06999165284515,TRUE
RBC-14,SA2,427.0227208749745,30,505.32922407133884,157.20042477679115,207.27065281408193,819.042528952591,611.7718761385091,78.30650319636436,TRUE
RBC-58,SA2,421.3788193467743,30,507.2414285716359,153.0208118124672,219.1181417525361,817.1717882327232,598.0536464801871,85.86260922486156,TRUE
RBC-10,SA2,400.7935226947004,30,486.48064110069816,156.91796567115446,191.18147459627258,802.3008353274126,611.1193607311401,85.68711840599775,TRUE
RBC-49,SA2,401.6636860395736,30,497.9081195395889,155.59985249554902,207.23852937091644,809.6770400209239,602.4385106500074,96.2444335000153,TRUE
RBC-68,SA2,394.6716222011751,30,490.93881361415856,156.92970515551409,198.15274690670134,809.2880773057,611.1353303989986,96.26719141298344,TRUE
RBC-38,SA2,394.7405051652777,30,494.1863434320839,155.5055861643749,204.30015147993475,807.968631579855,603.6684800999203,99.44583826680622,TRUE
RBC-80,SA2,381.13749820990057,30,492.94044797414267,155.92893610324253,199.44320256743902,806.1063962026753,606.6631936352363,111.8029497642421,TRUE
RBC-83,SA2,372.1530379643955,30,487.25505611403406,158.2294502205942,191.372993871827,803.7984708676986,612.4254769958716,115.10201814963858,TRUE
RBC-28,SA2,376.9691937352609,30,492.95062767050734,153.3812198715547,202.43793220060593,800.6421221029899,598.204189902384,115.98143393524646,TRUE
RBC-13,SA2,375.155336014758,30,495.19082300483313,156.30256342964933,199.35574815199783,810.7027364648314,611.3469883128337,120.03548699007513,TRUE
RBC-86,SA2,347.34953859335747,30,477.7689867187702,157.07693453064402,187.78906502159407,799.1925350711986,611.4034700496045,130.4194481254127,TRUE
RBC-76,SA2,352.7543397946423,30,483.61845457037145,155.89550597931793,191.07200700635855,797.6537521635317,606.5817451571731,130.86411477572915,TRUE
RBC-45,SA2,343.2706651312378,30,472.97171009384766,156.86884186851208,184.1652723852974,795.0411279634224,610.875855578125,129.70104496260984,TRUE
RBC-74,SA2,334.5998109314087,30,468.96708548851666,155.73542363521724,181.28833406379573,783.5167865426221,602.2284524788263,134.36727455710798,TRUE
RBC-73,SA2,334.58659133392234,30,473.376544735203,158.0327416948262,180.0833889556419,792.7801673116486,612.6967783560067,138.78995340128068,TRUE
RBC-64,SA2,333.1132011167017,30,475.3675263565543,158.44278344816436,181.77812053364914,796.1321104986014,614.3539899649522,142.25432523985262,TRUE
RBC-65,SA2,333.1746767437363,30,476.32269059166555,157.21966260248877,186.1563734921108,792.9017304619047,606.7453569697939,143.14801384792923,TRUE
RBC-43,SA2,316.35951021236986,30,461.6713968033927,155.81572862572423,172.53976411590958,780.396663936478,607.8568998205685,145.31188659102287,TRUE
RBC-67,SA2,323.7505368575925,30,471.32441178208376,158.09807625087163,181.4266380392084,790.9913851942342,609.5647471550258,147.57387492449124,TRUE
RBC-63,SA2,309.79767890545384,30,463.0390757819872,154.13929245934168,180.90599043088247,780.5657556507498,599.6597652198673,153.24139687653337,TRUE
RBC-40,SA2,304.2305968765828,30,464.31710897909744,156.81261433259942,176.8252437319631,782.6930001805551,605.867756448592,160.08651210251463,TRUE
RBC-62,SA2,294.1748179881707,30,455.1136051037643,157.50961724686707,169.52445096025127,778.040617501342,608.5161665410908,160.93878711559364,TRUE
RBC-4,SA2,245.81913388551396,30,423.7800364447527,156.15678027650503,149.6342109821707,751.412127251489,601.7779162693182,177.96090255923872,TRUE
RBC-50,SA2,258.446257154348,30,445.753867017742,155.31454196499297,166.79415470254656,767.6111805852653,600.8170258827188,187.30760986339396,TRUE
RBC-106,SA3,302.1611222452241,30,488.98771968802845,156.71751130103428,196.6985546232424,804.6507223165053,607.9521676932629,186.82659744280437,TRUE
RBC-107,SA3,362.7355996669658,30,512.9157213793269,154.415559068023,220.6381599169475,820.2988720335893,599.6607121166418,150.18012171236109,TRUE
RBC-109,SA3,585.8673629762204,30,586.5554854753065,147.91011955902283,294.8089153976036,858.6541391463081,563.8452237487045,0.6881224990860346,TRUE
RBC-111,SA3,208.3581468407744,30,451.42104592987897,153.35779971280317,172.683053057192,767.7081118635983,595.0250588064064,243.06289908910458,TRUE
RBC-112,SA3,696.6746280818677,30,606.7795891459679,144.2022015371579,315.46890034474535,863.7832447156175,548.314344370872,-89.89503893589983,TRUE
RBC-113,SA3,236.40342631212428,30,466.7803118860408,157.92419399103574,178.19945877642448,792.9584106424068,614.7589518659822,230.37688557391652,TRUE
RBC-115,SA3,633.1056883038495,30,589.4347795527972,149.3870321965255,285.88784406480164,858.7211850793608,572.8333410145592,-43.670908751052366,TRUE
RBC-116,SA3,242.91546911949,30,455.9483349414349,156.55846071359002,170.58102877373554,775.4594682272589,604.8784394535234,213.03286582194488,TRUE
RBC-118,SA3,483.1685230100466,30,556.5363231651241,151.67382654544076,258.52142865042407,844.5603825675538,586.0389539171297,73.36780015507753,TRUE
RBC-119,SA3,249.79697542094743,30,471.4738786875416,155.33957725401606,183.50675211894566,786.7504660726626,603.2437139537169,221.6769032665942,TRUE
RBC-123,SA3,722.0617973936683,30,615.8427825047236,143.44891440589055,323.35162540170586,867.1544615497977,543.8028361480918,-106.21901488894468,TRUE
RBC-125,SA3,265.21026366857336,30,475.0709547587908,158.48595832294947,179.57908115101327,799.2226040268962,619.6435228758829,209.86069109021741,TRUE
RBC-126,SA3,251.1147160517222,30,469.30084213915484,156.4916711949765,179.62157887983352,788.8028961615812,609.1813172817476,218.18612608743263,TRUE
RBC-127,SA3,247.3578705938132,30,467.65469557273786,155.91636116875964,179.78934913357912,786.6039616715208,606.8146125379417,220.29682497892466,TRUE
RBC-128,SA3,302.92343931051374,30,494.0069116744319,155.8650973865702,202.3321018830609,806.5307894435489,604.198687560488,191.08347236391813,TRUE
RBC-129,SA3,208.6854786485163,30,448.37565768195367,156.02893940612879,165.5144776407312,768.9362692049626,603.4217915642314,239.69017903343737,TRUE
RBC-130,SA3,366.2133189499489,30,511.1607441389191,154.01413882156726,223.06794743090157,813.2175751143365,590.1496276834349,144.94742518897016,TRUE
RBC-131,SA3,236.89584800925337,30,461.5941915330798,156.01204949562805,174.8067947121966,779.5989437138923,604.7921490016956,224.69834352382645,TRUE
RBC-132,SA3,601.7306993355328,30,592.7090245964454,150.1200426488172,290.76822026346656,862.6072740941523,571.8390538306858,-9.021674739087416,TRUE
RBC-143,SA3,352.3996785950063,30,509.22305034825223,156.41862513860704,212.95102660543736,817.9385072422855,604.9874806368481,156.8233717532459,TRUE
RBC-144,SA3,354.9441886710563,30,515.987710333809,155.8145712109221,219.74197837125,822.8074174529836,603.0654390817335,161.0435216627527,TRUE
RBC-146,SA3,218.75811367872925,30,449.81241836269373,158.8982483180296,158.40512622769592,774.7875859585454,616.3824597308494,231.0543046839645,TRUE
RBC-148,SA3,506.2623606925267,30,554.7485125448168,149.4037464824412,264.0730271362675,841.0321887379923,576.9591616017249,48.48615185229005,TRUE
RBC-151,SA3,357.6648503129068,30,508.5548253138068,156.1284541298906,209.13327771901288,816.2350251671049,607.101747448092,150.8899750009,TRUE
RBC-152,SA3,298.40280002616265,30,489.84567392106965,156.0996910011939,196.14322541029958,805.1731889832943,609.0299635729947,191.442873894907,TRUE
RBC-154,SA3,317.52678096639795,30,491.78431860047743,155.74874835777928,198.21324791195315,800.8197521973439,602.6065042853907,174.25753763407948,TRUE
RBC-169,SA3,318.4461630273777,30,488.385276122743,154.17183787094208,197.99584232305432,798.6018209365219,600.6059786134676,169.93911309536531,TRUE
RBC-173,SA3,202.1443589181029,30,442.1585348722563,156.57518109571956,160.20809663417683,770.1876894217332,609.9795927875564,240.01417595415342,TRUE
RBC-176,SA3,222.05098862911925,30,448.60768860855967,159.3083035061488,162.9265712666965,776.2310742454334,613.304502978737,226.55669997944042,TRUE
RBC-177,SA3,217.37952380609116,30,453.09320327076523,157.96251909906698,167.55483642736763,776.1041793697572,608.5493429423896,235.71367946467407,TRUE
RBC-178,SA3,404.0265023222563,30,524.4206681979698,153.60484384800966,227.9781154307814,826.1457396677912,598.1676242370098,120.3941658757135,TRUE
RBC-181,SA3,382.8403861230378,30,529.6367649102203,155.63114519660422,230.61628767507528,827.264004771723,596.6477170966477,146.79637878718256,TRUE
RBC-182,SA3,389.72393504542606,30,522.3419747631974,155.20132040709805,222.36311338751213,828.863954809585,606.5008414220729,132.61803971777135,TRUE
RBC-183,SA3,254.5652947692181,30,471.02559852436553,156.9542712444998,181.8095083898214,794.2737392011555,612.4642308113341,216.46030375514744,TRUE
RBC-185,SA3,576.4893788108363,30,584.965187297492,148.25930133170866,286.7689895679772,859.4053781343764,572.6363885663992,8.475808486655637,TRUE
RBC-186,SA3,295.1204296122808,30,492.257132773306,155.52806177247803,198.70324127612312,805.6909655483141,606.987724272191,197.1367031610252,TRUE
RBC-189,SA3,292.9599180893422,30,493.0903776753839,155.5367760759306,201.35219225014458,803.3976808341855,602.0454885840409,200.1304595860417,TRUE
RBC-190,SA3,333.7611797073172,30,495.5381918752539,156.6221438734177,202.84449993681994,810.4784757373629,607.633975800543,161.77701216793673,TRUE
RBC-192,SA3,394.7753046909215,30,531.9766720990286,155.19979304325685,232.68401552662334,829.7397108079774,597.055695281354,137.20136740810716,TRUE
RBC-196,SA3,223.76422280549303,30,457.3071625675127,158.1602170607702,170.74070033334044,783.5523902567413,612.8116899234009,233.54293976201967,TRUE
RBC-201,SA3,232.02025652903103,30,457.4392154640517,156.5946758222985,171.32027372010648,779.9520180881276,608.6317443680211,225.41895893502067,TRUE
RBC-205,SA3,712.084831851596,30,609.1906511011017,144.0843580262893,321.03095932917086,867.8573630445977,546.8264037154269,-102.89418075049434,TRUE
RBC-211,SA3,447.1689997717551,30,542.2885682748392,154.59774223627625,242.06383168623321,840.2267123103975,598.1628806241642,95.11956850308411,TRUE
RBC-232,SA3,345.16290193874823,30,498.08931080405307,156.38097686250893,202.7964677190209,814.7876185086238,611.9911507896029,152.92640886530484,TRUE
RBC-230,SA3,333.78907124138084,30,501.2116561407365,158.07451390834197,201.34018292684223,816.1735641006657,614.8333811738235,167.42258489935568,TRUE
RBC-229,SA3,507.8632820890608,30,538.4019788225854,154.0832519741377,246.77264785975154,836.0695095643431,589.2968617045915,30.538696733524603,TRUE
RBC-228,SA3,592.681183364194,30,571.1950900073632,151.51393440097303,270.57813511523125,854.2235195322006,583.6453844169694,-21.486093356830793,TRUE
RBC-227,SA3,521.7758008917676,30,538.1708885796152,155.19518702772095,236.63825497062894,837.9987820488404,601.3605270782115,16.395087687847536,TRUE
RBC-226,SA3,426.3862045873417,30,497.737208846945,155.88229806779518,203.4649308424556,809.8112839222104,606.3463530797547,71.35100425960331,TRUE
RBC-225,SA3,324.64552525846165,30,502.57837770178793,157.44494865507997,208.33780712951446,817.4662974775066,609.1284903479922,177.93285244332628,TRUE
RBC-224,SA3,501.7382572793247,30,531.5009331635829,155.60856460589355,233.77546237823464,832.9015313155684,599.1260689373337,29.762675884258158,TRUE
RBC-223,SA3,300.800067249774,30,485.81494632169864,156.56251579145118,188.42104576995996,797.3995029957987,608.9784572258387,185.01487907192467,TRUE
RBC-222,SA3,432.28032012365713,30,520.9798691348888,155.38436362161286,226.0029276806997,827.1074269257947,601.104499245095,88.69954901123162,TRUE
RBC-221,SA3,517.0202073121667,30,543.0093733181944,155.17985058865364,243.81965119348658,838.7618489294551,594.9421977359685,25.989166006027745,TRUE
RBC-220,SA3,472.535945547168,30,526.9009053093209,153.5220376807565,232.17737862103428,825.5109573168755,593.3335786958412,54.36495976215292,TRUE
RBC-219,SA3,313.0547672963359,30,488.3762898297252,155.40265917919697,196.6617475194949,802.4273029014033,605.7655553819084,175.32152253338927,TRUE
RBC-218,SA3,518.9274534271057,30,539.4099327097201,153.95344174960437,242.68506137232112,837.9636655628753,595.2786041905542,20.482479282614463,TRUE
RBC-217,SA3,276.84622895012194,30,483.41633871533577,157.90411050172293,188.67647651607692,800.8574413867775,612.1809648707006,206.57010976521383,TRUE
RBC-216,SA3,417.1491126848962,30,511.0971383660338,156.30010762261966,215.5764437100164,824.324354386514,608.7479106764976,93.94802568113761,TRUE
RBC-214,SA3,572.9160547994048,30,546.2567577937824,151.14942891250752,254.20601997700152,836.5097413914838,582.3037214144822,-26.65929700562242,TRUE
RBC-212,SA3,609.8302620159155,30,560.4837898671125,151.18455738925613,263.2752334468771,846.3972549522905,583.1220215054134,-49.34647214880306,TRUE
RBC-211,SA3,518.9526540684664,30,541.6113413240586,153.8072959751303,243.51226928032176,837.1173363672128,593.605067086891,22.658687255592213,TRUE
RBC-210,SA3,477.1264429593344,30,522.0114732225759,155.51080803974523,225.9022270056989,829.0453370737159,603.143110068017,44.885030263241504,TRUE
RBC-208,SA3,548.901168203803,30,552.1664927739673,151.7336652303394,256.08941453442753,839.9397669649212,583.8503524304937,3.2653245701643527,TRUE
RBC-206,SA3,351.38016344555155,30,498.41124181338597,157.91023268749572,202.7408037360199,815.0667639594107,612.3259602233908,147.03107836783443,TRUE
