sample,lab_id,study_area,sens_H2Ot,sens_Ea,sens_EHT,sens_RH,var_contrib_H2Ot,var_contrib_Ea,var_contrib_EHT,var_contrib_RH,cov_total,var_taylor,var_actual
1,DHR-1616,SA1,-0.06607032229312182,0.049113013911891885,-37.08126951598651,-530.2554765326795,3.5829541127871535e-5,2365.4137293036893,3533.954696156005,1760.5504389837945,-4988.462825406658,2671.4560748663716,24258.61504825659
2,DHR-1617,SA1,-0.0866194297603613,0.06437667723883163,-48.59486363538706,-695.3554827828041,6.215231635985822e-5,4093.9329039418053,6027.5835635876565,2995.9836457281085,-8583.9069022062,4533.593273203687,23023.68532318725
3,DHR-1618,SA1,-0.08960085686066321,0.06660364009853689,-50.28174493533452,-718.9963960769139,6.48578003714577e-5,4370.696133973794,6259.810263988043,3217.05857314359,-9154.255094951994,4693.309941011234,24816.67172686087
4,DHR-1619,SA1,-0.141734114495776,0.10533269404044807,-79.49354893517445,-1136.332994016633,1.6402041760550345e-4,10834.78976472165,16053.279094584535,7991.89130113472,-22984.30425546082,11895.656069000506,22185.004790427352
5,DHR-1620,SA1,-0.16619754088718253,0.12348748530652405,-93.17405500967106,-1329.3050741017933,2.2684956175013469e-4,14985.96124755234,21613.82226076388,10961.992914438026,-31575.444733749177,15986.331915854633,21257.977103743302
6,DHR-1621,SA1,-0.08523362553935243,0.06334808385334828,-47.81967767892869,-683.7377086156266,5.990657426723149e-5,3967.439959629787,5705.302773976342,2891.5962803759517,-8197.388862546908,4366.9502113417475,24206.724915982322
7,DHR-1622,SA1,-0.04293879505669196,0.03192089473605338,-24.10356992758009,-344.32833576567197,1.525106861587642e-5,1007.6643564628009,1484.9357123261655,741.1432644770697,-2108.549412801013,1125.1939357160913,22781.87556708929
8,DHR-1623,SA1,-0.1958133291420836,0.1454921148907059,-109.76657635254887,-1568.8666221980848,3.151725632427479e-4,20924.19857074895,30453.436287164142,15236.58806636434,-43370.8024008479,23243.42083860209,20526.122292456006
9,DHR-1624,SA1,-0.04132359287557463,0.030719658956219663,-23.194212774700173,-331.2686420039218,1.4132912479220358e-5,932.8789311155622,1344.138613683104,700.4490095872104,-1958.3275909518838,1019.1389775669054,22853.361296893934
10,DHR-1625,SA1,-0.17217942377811823,0.12793435481730575,-96.53458140827324,-1377.2237361769076,2.417437863467251e-4,16043.711682440358,23525.275934396017,11642.639514584853,-33617.178927278685,17594.44844588633,21855.4592988565
11,DHR-1626,SA1,-0.07243066735222214,0.05384241746758063,-40.653406773872476,-580.2552810058642,4.196451922301408e-5,2851.4948308704356,4171.14808900168,2087.3762782394856,-5925.757052854121,3184.2621872219997,24033.680095363223
12,DHR-1627,SA1,-0.14956233651490436,0.11114548308327821,-83.88611322400806,-1198.194277295564,1.8205045488798436e-4,12364.57483373095,17645.563347581483,8904.81170863949,-25731.81479514457,13183.135276857807,22269.498054331627
13,DHR-1628,SA1,-0.09140712119891248,0.06794263230341523,-51.290839272531755,-733.1278207007139,6.896648649371333e-5,4564.117352364813,6680.777896303087,3371.9174942834757,-9534.440571716414,5082.372240201448,24419.23375822414
14,DHR-1629,SA1,-0.12641943273840184,0.09395103443848705,-70.91062529882034,-1012.1330270299715,1.3092272815211852e-4,8708.312905650959,12835.275204711174,6442.96884840626,-18374.265412265668,9612.291677425452,23352.905540921274
15,DHR-1630,SA1,-0.11462475596962918,0.08519082068561087,-64.29903623299731,-918.9617011851298,1.0734342098942525e-4,7149.4368181185955,10410.912914105313,5322.936235753361,-14941.215761720407,7942.070313600285,24406.527093519755
16,DHR-1631,SA1,-0.06173587163215899,0.04589143281334787,-34.65073400643989,-494.38360677187205,3.143785478486882e-5,2093.2868138379476,3020.6402068264265,1516.6606017657962,-4345.465644921947,2285.1220089460776,24102.350179554156
17,DHR-1632,SA1,-0.08637149826616053,0.06419542281503496,-48.458551602616296,-692.4227736578895,6.121979150908273e-5,4030.6548026026503,5918.315990337332,2989.031080856517,-8477.479137723656,4460.522797292635,24479.628416774653
18,DHR-1633,SA1,-0.19041193480509833,0.14147552178189735,-106.73946935597786,-1524.802760252653,2.913274303467617e-4,19652.245699291187,28886.439731253147,14486.31861507085,-41273.61861958012,21751.385717362493,20886.788500358132
19,DHR-1634,SA1,-0.10293141551333918,0.07649991991995103,-57.74040420569217,-825.3150580027223,8.728693729954251e-5,5758.240815507263,8345.534532953285,4227.66255930471,-12111.611972253242,6219.826022798952,24192.112917922197
20,DHR-1635,SA1,-0.06118722815442368,0.04548193072859584,-34.33882532696864,-490.6012533157317,3.095900854090539e-5,2045.9290690224504,2976.57224268939,1521.2783493982954,-4251.88873068529,2291.890961383854,24409.99330137036
21,DHR-1636,SA1,-0.09072586455700105,0.06743719800070894,-50.911045602923885,-727.457996673895,6.705150440983332e-5,4485.493754473235,6537.104247410986,3278.2555192102614,-9303.690387765437,4997.16320038055,24662.076733501355
22,DHR-1638,SA1,-0.17532664182100177,0.13027423520066372,-98.2959072653326,-1406.0461658792237,2.496700481059002e-4,16764.646644564888,24207.808749322932,12214.066789600429,-35274.23274235749,17912.28969080081,21577.633149181824
23,DHR-1639,SA1,-0.122802450747173,0.09126218786220018,-68.87882770759937,-982.6178668354953,1.2377823095684117e-4,8213.538008683736,11834.059060509444,5893.758367206358,-17187.205427308654,8754.150132869116,24248.929696469266
24,DHR-1640,SA1,-0.12864629389275706,0.09560562499297912,-72.15338721903329,-1031.7777814101892,1.3617215891619669e-4,8989.9604228277,13015.293922172797,6750.932702641647,-18788.74871086566,9967.438472948641,23020.053278931988
25,DHR-1641,SA1,-0.09973750395381842,0.07413558392508868,-55.96397984965363,-799.4755149202553,8.186478575409521e-5,5381.161658584834,7950.926512350634,4022.467851571129,-11440.853550266118,5913.702554105264,23767.64915504257
26,DHR-1642,SA1,-0.08124909005766057,0.060396135260944124,-45.59708453248498,-651.8422368579666,5.380595162199466e-5,3605.3437660978884,5272.925048154715,2660.419452647755,-7547.5224149164715,3991.1659057898396,24622.335694537724
27,DHR-1644,SA1,-0.18413822196187368,0.13682891280409987,-103.25128665058772,-1476.2569004058055,2.774160450586457e-4,18479.08743219636,26586.796090494045,13363.798296668401,-38479.00877997691,19950.67331679794,20828.03125395851
28,DHR-1646,SA1,-0.09972839570689018,0.07412179470792052,-55.95272353379961,-799.3238041951497,8.081260280170688e-5,5424.503839607087,7886.213439112424,3954.1912611176385,-11427.272033175925,5837.636587473828,24095.97666920312
29,DHR-1647,SA1,-0.11539370463196974,0.08576276838119587,-64.73088082655619,-924.597606530903,1.1069046277427047e-4,7245.493372061868,10363.069366453605,5342.06875008633,-14936.098791545564,8014.532807746704,23754.26774955469
30,DHR-1648,SA1,-0.11868246942552219,0.08820619249873646,-66.57647224707112,-951.1273205843653,1.1602251608085037e-4,7715.347509765703,11207.874645929696,5646.587280069404,-16102.856593818084,8466.952957969239,23412.629198211536
31,DHR-1649,SA1,-0.04539905221468743,0.03374555892698457,-25.47699943110247,-364.57916728393315,1.6957640820592314e-5,1130.9119018447734,1630.050378715408,830.6160036244596,-2347.563351157091,1244.014949985191,23499.155287622238
32,DHR-1650,SA1,-0.13178768664735685,0.09793927606001201,-73.9148842400907,-1053.1952431277693,1.4264216543085796e-4,9468.3133655559,13759.59000881962,6899.0629416508755,-19725.52482237207,10401.441636296491,23637.042902414294
33,DHR-1652,SA1,-0.1865744927277433,0.13862032031035376,-104.57974837201907,-1494.7924508757396,2.879421626718897e-4,18738.249577987353,27707.60310141307,13810.437839177168,-39733.06952867491,20523.221277844845,20993.295291113092
34,DHR-1653,SA1,-0.061974796455253056,0.04606934461192586,-34.78177308759853,-496.9650664992486,3.115527168164661e-5,2116.045921243079,3047.8974879756324,1522.5221360547143,-4391.938835278852,2294.526741149846,24074.651233908175
35,DHR-1654,SA1,-0.10137609252285529,0.07534511761214359,-56.87321726525149,-813.6180121390884,8.497365552242923e-5,5629.369981530837,8184.14441364273,4063.1408528195702,-11931.013451477298,5945.641881489497,24197.839161777854
36,DHR-1655,SA1,-0.07787775114127271,0.05788830583258106,-43.70218678348429,-623.7311528840888,4.963034701267919e-5,3343.6540885709824,4836.783973394837,2394.6906434920074,-6946.850977232039,3628.277777856134,24081.308020652184
37,DHR-1656,SA1,-0.11209307309626126,0.08331520714840682,-62.89025335455045,-898.9154395216791,1.0390419728123102e-4,6802.641679333549,10139.189913960272,5028.359562055116,-14540.347148311532,7429.844110941602,23464.335152516054
38,DHR-1657,SA1,-0.20192395356792758,0.15001750361048843,-113.16880129886812,-1618.3735825796941,3.3851646880350196e-4,22192.508818415827,32286.23717261881,16203.9928908407,-46315.35828060905,24367.38093978275,20567.033726998572
39,DHR-1658,SA1,-0.13807555371501223,0.10261180009045678,-77.43787398581343,-1106.1150033778074,1.5701650748102246e-4,10353.826633923978,15204.50662952641,7506.400371396153,-21766.203106934565,11298.530684928479,22772.68081865186
40,DHR-1660,SA1,-0.1030673234877213,0.07661071554848023,-57.83392180595191,-825.4889715243203,8.639819110541313e-5,5747.822604937571,8419.561438851024,4271.052085519529,-12243.110777694003,6195.325438012313,23719.79432929031
41,DHR-1662,SA1,-0.07956290473293848,0.05914351554098644,-44.651821686819474,-637.8199546547326,5.213468395948581e-5,3442.0058596381787,5038.712181945194,2541.3871279847776,-7210.807751533953,3811.297470168881,24476.51703044873
42,DHR-1664,SA1,-0.1340031558998902,0.09958969648881903,-75.16106415970619,-1073.4461256449429,1.4748706016071413e-4,9628.053472468326,14267.403133382626,7105.789960696524,-20248.81313392688,10752.433580107652,23453.998790768102
43,DHR-1666,SA1,-0.18084378087033315,0.13436480844623427,-101.37809741292598,-1447.2700240365432,2.657777276278387e-4,17830.172162685798,25688.799989405496,12925.356551279587,-37007.81872501265,19436.510244135963,21172.249570369226
44,DHR-1668,SA1,-0.1456967234690012,0.10827173882050703,-81.70832537863672,-1166.4905619002072,1.7530739619514056e-4,11607.994774021972,16900.966544821593,8451.736001983843,-24076.078032870624,12884.619463264178,23055.456329920096
45,DHR-1670,SA1,-0.15502747281945517,0.11519893027444944,-86.93084170303331,-1241.671431786166,1.9665467126581305e-4,13121.903314683368,19024.758978861064,9554.360661357527,-27700.698799257352,14000.324352299274,22645.54667331217
46,DHR-1673,SA1,-0.07284408460815683,0.05414587891510559,-40.87602684395611,-583.7920157924416,4.323866684028522e-5,2839.482861228815,4249.884487572498,2175.221344205233,-6049.721216142673,3214.867520102539,22895.26429870063
47,DHR-1675,SA1,-0.0764532811146239,0.05682902705651426,-42.9037273384872,-613.1149987777412,4.826882331855422e-5,3204.3166283299543,4644.850169388771,2331.2758435755977,-6680.706183036993,3499.7365065261547,23544.18428183298
48,DHR-1677,SA1,-0.02961063791100571,0.022013927038513716,-16.624363593171868,-237.5724095517262,7.117266748438131e-6,479.5373420447203,701.3321094125877,351.09394610486606,-996.2986153505442,535.6647893288966,22520.53204757263
49,DHR-1678,SA1,-0.05264060044019203,0.03913289931143328,-29.548023692261722,-422.2920114487169,2.253310372582496e-5,1495.7293629510104,2205.311449121106,1113.60290992969,-3171.941048837458,1642.7026956974523,23851.987626352864
50,DHR-1682,SA1,-0.15798791731951667,0.11741290921800436,-88.60695384047695,-1265.1462643095397,2.105473135649053e-4,13587.386037676471,19762.559715096413,9867.649311484716,-28503.594264529882,14714.001010275035,21206.509590230147
51,DHR-1683,SA1,-0.10505646135140978,0.07807685777449061,-58.929362954492774,-843.3563045915297,9.013127661236418e-5,6038.433344167957,8629.045494528873,4377.758156756651,-12561.843442628484,6483.393642956275,24193.188293542502
52,DHR-1685,SA1,-0.11012785879871956,0.0818584044261273,-61.7973916048459,-883.9786555146186,1.0047978592709013e-4,6554.748673366267,9628.54948199811,4840.114171882322,-13707.261746759255,7316.15068096723,24102.445527476524
53,DHR-1686,SA1,-0.09567864180218066,0.07111532976835985,-53.68392372056533,-768.0091679693471,7.457056394593642e-5,4975.546536936961,7296.33820131044,3674.2630613801525,-10487.45154764349,5458.696326554627,24959.044202317808
54,DHR-1687,SA1,-0.08723823434488054,0.06484150796505518,-48.94837684513064,-699.3706991032232,6.330049557490443e-5,4164.289510769353,6109.977282848742,3030.311244112658,-8727.417516078916,4577.160584952333,23739.67385874839
55,DHR-1688,SA1,-0.09357049896878777,0.06955323112150713,-52.51009303857356,-749.8169597538016,7.030842577064696e-5,4794.143106442461,6967.923735819399,3494.306845471771,-9908.061933547344,5348.311824494713,24016.83232140497
56,DHR-1690,SA1,-0.18066455086228927,0.13423478356779958,-101.27991800789619,-1447.2693475247665,2.6920428652466586e-4,17789.051878751663,25810.41635818082,12857.300248673206,-37401.33421108345,19055.43454372653,21538.110498571794
57,DHR-1693,SA1,-0.1153817293952244,0.08575557097199607,-64.73163872288666,-925.30719697814,1.0962656123593357e-4,7142.988392834392,10563.953133239662,5259.883698017039,-15102.41818164961,7864.4071520680445,23767.591930019895
58,DHR-1694,SA1,-0.15177081802193015,0.11277884456747309,-85.1104618268974,-1214.7064828429504,1.8607867158991205e-4,12552.967292727102,18276.51426599779,9078.723646307233,-26218.327742286187,13689.877648824608,21998.89255835378
59,DHR-1696,SA1,-0.08900907350670195,0.06615982443853555,-49.94287525785461,-713.3424937156217,6.565239469277182e-5,4330.466530960553,6329.445709937511,3182.5912463815926,-9035.430489109713,4807.0730638223395,24842.304545032235
60,DHR-1697,SA1,-0.09528454567180944,0.07081977948878405,-53.459166560737216,-763.8038013019415,7.453452243952372e-5,4952.854963173186,7209.532089169196,3634.7985416303923,-10401.653416137593,5395.532252369703,23711.618231149303
61,DHR-1698,SA1,-0.10555003366225435,0.07844916668542769,-59.217760272354006,-845.4693701222526,9.12252176170014e-5,6051.065042971982,8728.950436285551,4497.926430162612,-12638.622314977598,6639.319685667768,24374.82049060294
62,DHR-1699,SA1,-0.07180635009591185,0.05337478064998199,-40.29362856046037,-575.6481587610652,4.289079559545169e-5,2773.0067951618425,4122.6878770325675,2057.734642475091,-5905.385668007182,3048.0436895531147,23471.37716806444
63,DHR-1700,SA1,-0.10796209917891986,0.0802326865314779,-60.55619001640613,-865.1626395302504,9.564568161625993e-5,6310.096116668631,9182.706630674942,4643.766055835655,-13266.424344518167,6870.144554306742,23187.756774775266
64,DHR-1701,SA1,-0.14549045429967578,0.10811305187463992,-81.57816201098112,-1164.1092553095725,1.760599001223737e-4,11463.32234786349,16588.499730987813,8504.986757706241,-23942.69769066446,12614.111321952983,22545.565509317385
65,DHR-1702,SA1,-0.14906707692203724,0.11077886084534586,-83.59566195340562,-1193.9894628756933,1.8080940758007948e-4,12143.44161791826,17588.623669491575,8840.316727923071,-25467.201571499016,13105.1806246433,22754.344575351042
66,DHR-1705,SA1,-0.11415205539520912,0.08483768600681742,-64.03357966144547,-913.2369983670901,1.0781637460342432e-4,7069.349273177684,10381.516396960073,5170.534231483846,-14773.543837196972,7847.856172241005,24165.777653740173
67,DHR-1706,SA1,-0.10770366380359064,0.08005505830413513,-60.4293429485298,-863.4278927071562,9.506888757875816e-5,6375.537532498,9196.543313436488,4678.320841847629,-13271.554371120112,6978.847411730892,23603.47116740346
68,DHR-1707,SA1,-0.08567155836715301,0.0636781668259498,-48.07182776698,-687.2703297894757,6.053303557655873e-5,3992.9729161126215,5808.988216594144,2948.6976606126236,-8353.73362502231,4396.925228830116,24539.13434674462
69,DHR-1709,SA1,-0.08031218567882092,0.05969871462557101,-45.069519364986036,-644.1444759256343,5.2601831376683995e-5,3532.461332906742,5059.859917767975,2578.65358917639,-7283.415352809849,3887.559539643091,25034.473500437358
70,DHR-1731,SA1,-0.04389607780771243,0.032633058707338014,-24.642526064977467,-351.78674289020114,1.5726928056681876e-5,1055.800368984001,1545.4192692626066,778.9769545901106,-2204.0999779802405,1176.0966305834054,23711.46354183498
71,DHR-1732,SA1,-0.05948678421817988,0.044222690877935573,-33.38913678204363,-476.83258698332816,2.8789377328538547e-5,1921.1407731398172,2851.7541697102297,1409.5007938949411,-4039.0910744407483,2143.3046910936173,24502.128894376496
72,DHR-1734,SA1,-0.08639111592894011,0.06421381437789013,-48.480887121946864,-692.6796562390771,6.043379018608042e-5,4041.705329590982,5943.604496669475,2961.688107723748,-8595.211367639478,4351.7866267785175,24220.426866658683
73,DHR-1735,SA1,-0.13430521103481396,0.0998093804849938,-75.32805827126438,-1073.4369741381158,1.5129191526872736e-4,9827.272618495412,14196.838483583922,7182.583125472288,-20312.161344335465,10894.533034508073,23217.290915616435
74,DHR-1736,SA1,-0.07177258563500999,0.053353194696203816,-40.280045856414255,-575.3377595572531,4.186383273256916e-5,2807.9903464940635,4108.471527403453,2043.8845004642283,-5871.918897065469,3088.42751916011,24026.065879391954
75,DHR-1737,SA1,-0.058241126152125844,0.04329583338235426,-32.68879617071903,-467.82153329365497,2.785453154449457e-5,1822.8935286527324,2704.7042178150273,1370.2645804882513,-3859.6478863770853,2038.2144684334571,23867.350958637227
76,DHR-1738,SA1,-0.07673569291523563,0.05704016536453641,-43.06252224707467,-615.7375187651544,4.789936447611168e-5,3236.306996031531,4684.777207715359,2344.152985258934,-6817.535514092298,3447.70172281289,24127.100780366298
77,DHR-1741,SA1,-0.055659650373385716,0.041378838427669616,-31.246143481022187,-446.14984672207316,2.5098524893296744e-5,1691.6041097769987,2437.060581251767,1244.2409982079107,-3524.492306906114,1848.4134074290869,24298.932071008694
78,DHR-1742,SA1,-0.1269510108318741,0.09435148448101693,-71.2175751811697,-1016.508060150619,1.3153731090403327e-4,8642.635815019961,12787.012829304313,6472.064386537123,-18372.887681841214,9528.825480557494,23098.743515139857
79,DHR-1743,SA1,-0.04730617116565128,0.035168854763979136,-26.55624379503484,-379.28772702413255,1.833004915064423e-5,1221.4696658943328,1792.9443147606971,889.6857383582558,-2541.4872438020784,1362.6124935412563,24121.486543926712
80,DHR-1744,SA1,-0.11036681396684855,0.08202953495868347,-61.91766823894487,-884.4520218132819,1.0052989718042305e-4,6630.884409545288,9618.43006217363,4887.456585870711,-13873.172744783948,7263.598413335578,24324.213083065824
81,DHR-1745,SA1,-0.035326454250729,0.026262631572664823,-19.833301297068527,-283.1363243681114,1.0332372345412014e-5,685.5318389256167,993.5861532998164,500.6553592402206,-1428.9948184976804,750.7785433003457,22728.59054636852
82,DHR-1751,SA1,-0.1398567116241054,0.10393345254850997,-78.44105449779211,-1121.0226345134981,1.647194851284371e-4,10619.93741152793,15388.054786766132,7796.243726195992,-22198.085942020207,11606.150147189332,23555.943392093086
83,DHR-1753,SA1,-0.06891222358642324,0.05122382751803657,-38.672288723596964,-551.9563970665981,4.03779981521596e-5,2564.1183605611463,3680.174108013979,1874.6997752742661,-5348.627240954394,2770.3650432729955,24261.92833787661
84,DHR-1754,SA1,-0.10027924246875841,0.07453529442623395,-56.26748658743578,-803.5744442620816,8.309075937493218e-5,5494.772793843465,8067.3081441613995,3997.9712106507172,-11647.344728316222,5912.707503430118,23427.156709372463
85,DHR-1755,SA1,-0.14042260980886567,0.10435265525988573,-78.75740034757062,-1123.3991460016866,1.6091346055089708e-4,10721.706740576547,15839.999183954822,7825.483120678956,-22677.143737259794,11710.045468863987,23795.173377722687
86,DHR-1756,SA1,-0.17622226479409164,0.1309508677993306,-98.80821456795556,-1411.5126572996953,2.5575013953092865e-4,16791.604635337742,24213.278600760816,12458.85602076756,-34777.144105262436,18686.595407353823,21387.62297216844
87,DHR-1757,SA1,-0.14905322160240075,0.11076329725276773,-83.58480023973718,-1195.1529457621375,1.8402179042059777e-4,12121.875138232632,17765.008944970294,8884.406521260385,-25542.496053450886,13228.794735034215,22222.349823723274
88,DHR-1709,SA1,-0.08022599889632431,0.05963113455319257,-45.01780117967956,-643.2486411885745,5.156837469391906e-5,3490.7936858499684,5087.799509170245,2582.559233769476,-7380.909503057408,3780.242977300657,23437.88123720443
89,DHR-1710,SA1,-0.11723623792239835,0.08712522933242431,-65.75406689516103,-939.410758059228,1.1293795570274961e-4,7529.788513716505,10892.838156816197,5470.740349655245,-15595.106564662365,8298.260568463538,23896.708672570792
90,DHR-1711,SA1,-0.09872922411915397,0.07337927142778337,-55.38942853813321,-791.5446291218495,8.04576501785022e-5,5327.057584564635,7781.5507573849145,3940.496339516031,-11139.960252865714,5909.144509057516,23769.412177100483
91,DHR-1713,SA1,-0.09911374172847331,0.07367304382973772,-55.62059600276294,-794.8543811653107,7.989934786950413e-5,5363.052153993161,7810.048163587162,3990.2075998870887,-11133.954240389052,6029.353756977707,24195.45513438542
92,DHR-1714,SA1,-0.09799248525689563,0.07283920293471789,-54.98839175323744,-785.8350528651043,7.819600177474408e-5,5229.620184287674,7701.433859392089,3879.171343061695,-11066.988893413023,5743.236571524436,23685.037976818043
93,DHR-1715,SA1,-0.10447698919705317,0.07765747550816561,-58.62133925882798,-837.4021439784884,8.885015388925703e-5,5903.7394831301635,8674.61970292898,4331.200427622211,-12293.422212440762,6616.137490090745,23102.861635527246
94,DHR-1716,SA1,-0.10488045315474892,0.07795463039452677,-58.843911162675695,-839.8630621398729,9.144812447102825e-5,6005.677917915888,8643.675793934786,4397.22006046656,-12377.098938140469,6669.474925624891,24247.987320791675
95,DHR-1717,SA1,-0.10462591280769118,0.07775803514444199,-58.68961338768834,-838.1600845681945,8.942607363360988e-5,5907.67374641627,8580.558710581157,4351.740844048488,-12378.038974201905,6461.934416270082,24037.98234408918
96,DHR-1718,SA1,-0.09089335685989397,0.06756607042849361,-51.0103994395735,-727.7266250113515,6.827201092689994e-5,4516.399395928577,6513.701779521899,3280.953406293265,-9387.511086060531,4923.5435639552215,24015.001566517585
97,DHR-1720,SA1,-0.09490885201314825,0.07054556995854083,-53.25701434632489,-760.6945380785761,7.451224119149427e-5,4900.7033653453755,7170.006614658422,3650.3851333425714,-10354.665404697369,5366.429783161242,23913.525396428624
98,DHR-1721,SA1,-0.11100751173981394,0.08250567138388025,-62.27870855447422,-889.1366276778759,9.887670640763198e-5,6714.140754654812,9770.8714389813,4984.064444318365,-14021.7577674742,7447.318969356978,23155.21314590528
99,DHR-1722,SA1,-0.10021378418464622,0.0744899600591955,-56.23431434225015,-803.094460466835,8.352462845756025e-5,5476.316927465915,7875.093275876772,4037.608248241972,-11440.693894157657,5948.3246409516305,24181.92727516645
100,DHR-1723,SA1,-0.1075048741753335,0.07989890846569217,-60.31050779277732,-861.5273647850366,9.354475758306933e-5,6359.432795138434,9210.258255137009,4563.088275208783,-13196.271683851339,6936.507735177644,24396.603867842943
101,DHR-1724,SA1,-0.11625859046968401,0.08640535442818342,-65.21730012844466,-932.8859663397336,1.117038391457525e-4,7375.256332997347,10771.807382752819,5418.180758482853,-15445.183482804645,8120.061103132211,23306.586888763886
102,DHR-1725,SA1,-0.07735952317911199,0.05749913304939909,-43.40639614906438,-620.0441225700931,4.8402098541821453e-05,3261.5409323366575,4778.300968255574,2414.376890396391,-6839.212508915339,3615.006330475381,24191.739279570163
103,DHR-1726,SA1,-0.09801640977396175,0.07285828240276385,-55.00033112510251,-785.4629028651735,7.900459912443697e-5,5270.287876048189,7552.315876195594,3864.991656679263,-10970.372565852615,5717.222922075029,24204.99163596309
104,DHR-1727,SA1,-0.11470332704442399,0.08525296164966245,-64.3516514846759,-920.1010886776104,1.1089403525197545e-4,7175.896130751052,10452.672633130205,5263.0263278295215,-15111.194863585966,7780.400339018848,23680.158362533202
105,DHR-1590,SA1,-0.15308598827532194,0.11375796322614691,-85.845534346299,-1227.728954819194,1.920320192749516e-4,12595.495179059099,18400.816236530034,9407.02971704657,-26523.977711740477,13879.363612927245,22016.686166315212
106,DHR-1591,SA1,-0.12757204105099618,0.094809291561119,-71.55726775273506,-1020.8610719538301,1.3481852241115327e-4,8821.408109576627,12753.541599834154,6477.742196048648,-18365.300159365615,9687.391880912335,22858.97404205026
107,DHR-1592,SA1,-0.3788200897541856,0.2812517744056495,-211.96775145023733,-3024.3107487574275,0.0011764834487202054,79323.5940886669,116092.12331919892,54745.14641566833,-160610.7151157936,89550.149884224,13450.539576927133
108,DHR-1594,SA1,-0.17271224887186065,0.12833984592612263,-96.84677932036016,-1381.5693375986684,2.5047038407693153e-4,16260.191852025655,23422.974375458238,11751.371979379426,-33582.26547450124,17852.272982832466,21404.379088115915
109,DHR-1596,SA1,-0.15653490470228348,0.11632139162141526,-87.78304699901544,-1254.5660908743896,2.0300983822877164e-4,13366.037306887903,19337.62534206703,9616.268573938303,-27784.216352283183,14535.71507361989,21926.41707641093
110,DHR-1598,SA1,-0.1413052660768841,0.1050097494746405,-79.24651601960915,-1132.7492830561084,1.646643753283447e-4,10859.010896454442,15784.909268112846,8023.5653755265785,-22657.371961089237,12010.113743669004,23023.250957388052
111,DHR-1599,SA1,-0.14014400476224864,0.10414732150904549,-78.59940814889659,-1122.8543938429818,1.604092342512871e-4,10716.121207998222,15504.493329509593,7794.222218899615,-22357.294988073416,11657.541928743245,23633.138894566044
112,DHR-1600,SA1,-0.09411223246759448,0.06994615155752425,-52.79648017087061,-753.6500028828801,7.168265521710684e-5,4804.51571310469,6974.768920468369,3538.628322159023,-10029.174221849242,5288.738805565497,23960.119314141288
113,DHR-1601,SA1,-0.09097066965738776,0.06761726049142122,-51.0445806527134,-728.8656657340438,6.819530924571306e-5,4511.863400332098,6600.5828572012015,3333.440145667794,-9343.48131251466,5102.405158881742,24598.32613474999
114,DHR-1602,SA1,-0.10816874785045627,0.08039526137836542,-60.682744253960976,-866.9590097229566,9.57683715340741e-5,6408.648334333399,9402.244012584239,4702.577265032299,-13400.858639494181,7112.611068224127,24016.114756459818
115,DHR-1603,SA1,-0.12686077196528345,0.09427239086601465,-71.14219014798422,-1017.8984274038427,1.3211623035351853e-4,8814.76488462086,12603.16204159462,6466.294960759644,-18397.13886897447,9487.083150116887,23788.2426860456
116,DHR-1604,SA1,-0.1370964873113394,0.10188747663538303,-76.89677641627398,-1099.086037411143,1.5285929881820307e-4,10257.084334300094,14766.963423608782,7601.7573978361925,-21459.51512511982,11166.290183484547,22236.079761354744
117,DHR-1605,SA1,-0.11801070472978381,0.08771098602764887,-66.20211202512526,-944.3366709556196,1.1301804462849421e-4,7601.443533786519,11007.381652685937,5523.35820489536,-15925.932276252657,8206.251228133206,23315.972600398472
118,DHR-1606,SA1,-0.13222025580510888,0.09825890894757473,-74.16151242096056,-1058.0646860956404,1.4316294766161095e-4,9500.308453613885,13808.455840193048,7030.753760586789,-19875.945800512825,10463.572397043848,22836.309939731833
119,DHR-1607,SA1,-0.10556831099511044,0.07845216070564145,-59.210191154960846,-845.8634872218265,9.211072234208388e-5,6114.037193579761,8864.359232405828,4443.916358217937,-12637.573829899051,6784.739046415198,23737.118323787217
120,DHR-1608,SA1,-0.1349258180988926,0.10026147880800232,-75.65962630616802,-1079.9013914771285,1.4773149217794392e-4,9870.720540556013,14381.831652509587,7226.494848504123,-20504.020664421925,10975.02652487929,23307.407447923575
121,DHR-1609,SA1,-0.12047755149403372,0.08952898934100043,-67.57146054857805,-964.7865048778613,1.2236579788672716e-4,7967.131945397329,11566.60004095987,5799.907533040595,-16613.801008945033,8719.838632818559,22808.134477616517
122,DHR-1610,SA1,-0.11338775342366603,0.08426631079026957,-63.59280668453754,-908.6093692004929,1.0374240655310848e-4,6899.208899084609,10111.735457897625,5179.891741051699,-14597.49888172173,7593.337320054608,23629.391122772282
123,DHR-1611,SA1,-0.14761772129881479,0.10969941016327246,-82.7866509330269,-1181.4961272576766,1.7864668870563917e-4,11897.603873208005,17450.291133200826,8673.066692655711,-24933.263425902027,13087.698451809207,23515.376389428977
124,DHR-1612,SA1,-0.11946718301904014,0.08878200488261598,-67.00687638772091,-957.2327025805561,1.1525494431756329e-4,7690.868813824093,11180.849951258007,5638.580379798081,-16348.202038497891,8162.097221637234,22912.408486070948
125,DHR-1613,SA1,-0.13180056251908923,0.09795354879739938,-73.93043110031867,-1056.6874048959548,1.4236693616483288e-4,9520.790594970338,13643.250343715232,7024.14866221995,-19874.325702267066,10313.864041005392,23659.518918908518
126,DHR-1614,SA1,-0.0930297632453474,0.06914651575261296,-52.19820060717697,-745.800662186407,7.0809494611591e-5,4709.578138064185,6867.164150173938,3453.3983880929886,-9833.057206638585,5197.083540502021,23595.73188843397
127,DHR-1615,SA1,-0.10543144225525225,0.07835801835539785,-59.14435726582978,-845.354023823077,9.192517657086248e-5,6092.795693717262,8782.02676550742,4390.28668873086,-12628.103307923679,6637.005931957041,23988.2461367245
128,RBC-39,SA2,-0.16661312695835306,0.123918829804945,-93.59658811173843,-1331.7003411981816,2.319374938641179e-4,15039.942921642552,28371.92694139099,11007.975657426634,-28661.48030156979,25758.365450827878,21816.576635575697
129,RBC-11,SA2,-0.14263616454518058,0.10609369888707623,-80.14787089488155,-1141.952867585225,1.672679659743587e-4,11119.310253581272,20235.336230206925,8253.072602082106,-20791.954397842685,18815.76485529559,22996.26207444851
130,RBC-78,SA2,-0.1458151601017903,0.10846269936341678,-81.93790689353898,-1166.9725875329025,1.7345249345713203e-4,11684.120474573678,20849.174718381986,8454.026850363147,-21412.17054359918,19575.151673172124,22542.172086999166
131,RBC-25,SA2,-0.1396603186819192,0.10388437526280282,-78.48145095686382,-1118.063959085484,1.6152264233715492e-4,10592.415241919447,19238.82400822629,7790.370098094665,-20005.96134484066,17615.648164922386,23571.377421187128
132,RBC-22,SA2,-0.15720276108787345,0.11691589925330098,-88.30453534051881,-1259.5137192915254,2.0279826491206916e-4,13296.329542654126,24700.717468554412,9957.040777623874,-24734.46255339628,23219.625438234394,22668.587883381537
133,RBC-55,SA2,-0.12927019898624792,0.09615022625305537,-72.63253197150904,-1036.9272889866102,1.365216345418125e-4,9014.43172282963,16536.247052199276,6843.8072771923935,-16988.148734143837,15406.337454599096,23268.290467587725
134,RBC-8,SA2,-0.17461682248776356,0.12986462689009834,-98.07860071419788,-1399.3813940586263,2.521049753804529e-4,16714.62956773504,30774.553448929226,12117.890121742796,-31286.274041388817,28320.799349123212,21804.389159462116
135,RBC-48,SA2,-0.1601034532044281,0.11905778142049174,-89.91293301788251,-1281.4814674999498,2.1145219498165492e-4,14021.975833214063,25570.10946276507,10317.201517439456,-26282.162676701373,23627.12434816941,22606.693107124036
136,RBC-75,SA2,-0.14759985434844225,0.10978659001869487,-82.93125531645671,-1180.0519178976294,1.7723036270497584e-4,11966.195727371169,21618.01582916971,8947.565033112567,-22186.84585610575,20344.930910778057,23124.13986695825
137,RBC-12,SA2,-0.16136324517796652,0.12002969614898845,-90.67053600571212,-1291.6467296978324,2.1468019557002618e-4,14150.679906016052,25751.74950470267,10570.904762012744,-26176.881917972976,24296.452469438686,22405.56403913538
138,RBC-16,SA2,-0.15996805602109987,0.11896076779609961,-89.8373158642111,-1281.4450187587001,2.104460562422889e-4,13829.671531771191,25296.862862292215,10298.392286809938,-25299.86709044837,24125.059800871033,21794.306807685814
139,RBC-9,SA2,-0.14084240001302817,0.1047634142101827,-79.13799015580783,-1128.2578298162175,1.6392005316571645e-4,10816.228926487103,19703.509467100273,8154.571798294904,-20419.880975782093,18254.429380020243,23087.828991422633
140,RBC-5,SA2,-0.16193884170345996,0.12042702904678934,-90.94731531237179,-1295.7987521361224,2.1673633194947047e-4,14368.44054452421,26080.081521008415,10592.791584620543,-26183.757248984875,24857.556617904622,21568.424463231102
141,RBC-41,SA2,-0.14373545175868685,0.10691033201553937,-80.76112456947514,-1152.9018362135969,1.6763746953973524e-4,11359.247320297423,20025.978019401973,8395.699072994397,-20360.116585576998,19420.80799475427,23702.697577688938
142,RBC-37,SA2,-0.14242706279672745,0.10592634585613958,-80.01146334424499,-1140.411967951238,1.6872061456291837e-4,11091.695824371795,19791.95206780686,8209.208104367512,-20352.709856555717,18740.14630871106,23385.414318192634
143,RBC-54,SA2,-0.13814606413897934,0.1027632095736747,-77.6354118112498,-1105.7059788926824,1.5538625766275128e-4,10323.455136895047,18801.53834279752,7738.587463356768,-19055.528302144623,17808.05279629097,23278.178117986197
144,RBC-18,SA2,-0.13528155196509317,0.10063931514497838,-76.04212899780369,-1086.212900126784,1.4852530250262356e-4,9985.357130226022,17869.945373972918,7474.500616373334,-18429.74954146112,16900.053727636463,23707.466293502963
145,RBC-71,SA2,-0.13485774375411097,0.1003225185271867,-75.79549415651384,-1082.8201926574143,1.4806833244888407e-4,9813.92247839163,17630.453833365464,7405.191972812542,-18075.921871327188,16773.646561310783,23636.253267778546
146,RBC-47,SA2,-0.12853850031774527,0.09561911013101915,-72.23951809496175,-1031.681867462611,1.3810020413747244e-4,8878.518944913001,16119.277354550215,6701.088119781855,-16351.503232180032,15347.381325165243,23457.607081155402
147,RBC-70,SA2,-0.06617894207989394,0.049254764313381993,-37.234751558380374,-531.3481795488182,3.600221502037991e-5,2422.6035588465247,4183.780154918713,1771.2260916428584,-4254.8379355432,4122.771905867111,25168.16124330478
148,RBC-52,SA2,-0.1279516781118275,0.0951877170963001,-71.91550099149491,-1027.2502603416276,1.335399784383618e-4,8950.766043742347,15930.841909500881,6705.290870903942,-16201.20355513821,15385.695402548936,24208.127801404033
149,RBC-32,SA2,-0.13158249470151873,0.09787861674226156,-73.9455707037743,-1053.5231416367246,1.4400916392860171e-4,9441.267366397891,17128.613341310393,7017.152505718218,-17361.65400464995,16225.379352785712,23113.96228924863
150,RBC-59,SA2,-0.12410400744707317,0.09232048104868783,-69.74979346401207,-994.1357002554024,1.2683989489312242e-4,8279.042584182023,15322.422616277468,6282.766279020403,-15627.149851497752,14257.081754822042,23306.209706195335
151,RBC-53,SA2,-0.1103953415373411,0.08213153103285177,-62.06163478937777,-885.0225186234335,1.0049521630085485e-4,6649.5264061284615,11876.567559309586,4945.251887372315,-12149.457235222048,11321.888718083532,23819.980398439708
152,RBC-27,SA2,-0.12005104297547575,0.08932204459405016,-67.4951948716801,-962.993171277609,1.1793718294042566e-4,7887.806476329523,13712.908164806575,5729.558958211749,-14272.895065428367,13057.378651856665,23342.463086643445
153,RBC-57,SA2,-0.11387149745495151,0.08470608981672674,-63.995784075194805,-914.6614086454298,1.0573855858813482e-4,7083.364875054448,12848.090848245507,5278.059020806651,-13089.655161979252,12119.859687865912,23707.81073637551
154,RBC-14,SA2,-0.10496247114810586,0.07809808152776329,-59.01729127943115,-841.8082670495185,9.096207999429567e-5,5990.190024842843,10649.305676718577,4435.845236255757,-11031.768698561227,10043.57233021803,23938.91645900597
155,RBC-58,SA2,-0.10440773791328439,0.07768426526936072,-58.70257046702399,-836.9196442305307,8.932908824614818e-5,5854.328853723316,10584.796268862625,4452.289198905025,-10862.394524249325,10029.019886570732,24000.02459773848
156,RBC-10,SA2,-0.09019571175287666,0.06711403025052591,-50.725024250729035,-724.1989094882764,6.703314872491798e-5,4412.322620657775,7888.7923296600375,3278.4844343907153,-8006.744958625237,7572.854493116438,24462.198288278287
157,RBC-49,SA2,-0.09790748027241847,0.07285425932494002,-55.06086638533906,-785.434196462311,7.898600855238313e-5,5182.212155539839,9334.55654710748,3891.0339087894613,-9521.228255351594,8886.574435071194,23714.474120709256
158,RBC-68,SA2,-0.09399423284133945,0.06995677550609644,-52.883483729682695,-753.7976991337032,7.261961746630126e-5,4818.799510108919,8628.384372094702,3656.1382484136325,-8757.038534285854,8346.283668951019,24764.830874863917
159,RBC-38,SA2,-0.09541852266507078,0.07099008565018608,-53.642859129968684,-767.134410451345,7.558716104074937e-5,4981.908911342999,8846.681461832484,3695.502767789683,-9164.808360005745,8359.284856546581,24532.368463236406
160,RBC-80,SA2,-0.09435434575169666,0.07020985770848272,-53.06617456506742,-757.3643989918655,7.172129142521325e-5,4825.0889054641575,8715.302177905782,3661.0416470042856,-8818.061129858519,8383.371672236995,24472.437839515464
161,RBC-83,SA2,-0.091102654209962,0.06779714603388905,-51.246206536276496,-732.057529606974,6.794484165796419e-5,4524.474158785762,8075.962542208828,3339.1255842319547,-8216.300103779658,7723.262249391728,24742.645998397194
162,RBC-28,SA2,-0.09521880803342953,0.07085687518298699,-53.553556492170934,-765.4175745973195,7.389948261154764e-5,4975.224862811103,8901.21637133391,3638.492459429835,-9053.310844546684,8461.622922927645,24367.97672697291
163,RBC-13,SA2,-0.09730839051990614,0.07240399999357026,-54.71772358004648,-781.4662515413786,7.672371251482172e-5,5173.346134351085,9218.319363387382,3846.570322368268,-9365.782379782613,8872.453517047834,23632.099164029874
164,RBC-86,SA2,-0.08445999511075541,0.06286189191572455,-47.52234709491545,-678.3514970017986,5.8281007978426506e-5,3853.0771546147043,6974.829357587163,2916.3890610382873,-7138.208298269879,6606.087333251284,24455.701510896124
165,RBC-76,SA2,-0.08863483053848853,0.0659611586224826,-49.860248173620995,-710.5932737504851,6.441495329329867e-5,4282.378998263378,7566.013961770737,3214.965535755679,-7807.49384402774,7255.864716177008,25128.05153294738
166,RBC-45,SA2,-0.0812143070189677,0.06043806468972993,-45.68036530024626,-650.9604134856928,5.326828436124403e-5,3612.6825723758066,6447.081825775878,2667.702924455907,-6599.826868103576,6127.6405077723,24198.93275903061
167,RBC-74,SA2,-0.07930552028295779,0.05902938759515841,-44.625980727863215,-636.2901399061434,5.123979626401777e-5,3497.2942144380845,6142.0994704923905,2564.412931545681,-6308.638649859563,5895.16801785639,25078.802855359987
168,RBC-73,SA2,-0.08186286080892557,0.06091451166472631,-46.036962792416034,-657.1648421079639,5.4545420513233725e-5,3657.9995023956635,6518.371407120253,2728.72707618094,-6687.171896498467,6217.926143743811,24777.653320863283
169,RBC-64,SA2,-0.0830101347788883,0.06177746336480491,-46.69322462189247,-666.4765165846046,5.6108484497517815e-5,3721.2433188134323,6645.020255507616,2808.3229051138055,-6780.284519052042,6394.302016491296,24780.34859613445
170,RBC-65,SA2,-0.08380027003678947,0.062367628361860404,-47.14464716714334,-672.3339798658034,5.7944513304572824e-5,3842.8503057631547,6760.901321452563,2870.728107050485,-6943.717000743693,6530.762791467023,25044.445862534314
171,RBC-43,SA2,-0.07430826016577896,0.05531289004832332,-41.81878169752162,-596.2601890420094,4.533274220533524e-5,3018.8095730761033,5386.537214652924,2228.7561168370776,-5506.800362308004,5127.302587590842,24385.42912497977
172,RBC-67,SA2,-0.0799500796177739,0.05949582559241173,-44.966721330062434,-642.9511766381654,5.282839479096251e-5,3470.790124792366,6210.132189843273,2607.743001011976,-6294.609631042325,5994.055737433684,25362.800688195555
173,RBC-63,SA2,-0.0751847104022545,0.05595321868749904,-42.29560368425182,-603.6870983552387,4.6854929268661995e-5,3078.9661309738926,5366.092568833244,2295.923998516983,-5618.374429445111,5122.608315733937,24879.965886875685
174,RBC-40,SA2,-0.0765779876214907,0.05698909119290694,-43.07629744731559,-615.6057772543007,4.780214475883016e-5,3174.787436907927,5634.964614859565,2376.641104014003,-5711.1296745058535,5475.263529077785,24380.257004798255
175,RBC-62,SA2,-0.07112453235942695,0.05294231595660693,-40.02934910610795,-570.7673150306538,4.167685822869657e-5,2725.977892896231,4971.906442367504,2066.61354840162,-5081.207787325545,4683.290138016667,25193.711469941238
176,RBC-4,SA2,-0.053123231520650904,0.03954326349651645,-29.897604171767785,-427.11008263446246,2.3239385542496365e-5,1548.726980269142,2684.159577464054,1151.924598028581,-2737.578665045277,2647.2325139558857,24553.307301419754
177,RBC-50,SA2,-0.06498835281202275,0.04837679806768885,-36.57851692464755,-521.9769073105475,3.4943683583037e-5,2295.309361543975,4117.553425902542,1725.9846334438023,-4176.655765060452,3962.1916907735504,24855.14550979255
178,RBC-106,SA3,-0.09176740329328226,0.06836379325238935,-51.7247824490248,-736.3498823087306,6.925911514016244e-5,4611.7890729813125,7538.83541876577,3442.922239018433,-8754.971424634941,6838.575375389688,24568.252581924542
179,RBC-107,SA3,-0.10931821232178152,0.08142642033505804,-61.598080325328006,-877.1254129424539,9.784089635265322e-5,6487.93712751684,10607.38816823675,4825.524403435986,-12107.338301409132,9813.511495621338,24215.50791637066
180,RBC-109,SA3,-0.17681020485500198,0.13165559218008993,-99.55614547919511,-1414.1434512047047,2.5819752485928683e-4,17172.98320010331,28165.653169166264,12781.298131853731,-32128.633267444355,25991.301491876482,22321.399356224916
181,RBC-111,SA3,-0.06690619804743392,0.049853927449755274,-37.72964540039589,-536.9865351573299,3.719110050407503e-5,2437.1415284303566,3923.0597819626023,1817.3642403742876,-4541.5517150406195,3636.013872917728,25227.273246577523
182,RBC-112,SA3,-0.20340404324497285,0.1514320006156408,-114.48071056449062,-1627.1346389320252,3.354420897920908e-4,22703.545628522923,38253.5370688392,16773.248467828187,-42997.75941311751,34732.57208751489,21634.10390572566
183,RBC-113,SA3,-0.07626545662625261,0.05681762854898081,-42.99385810660562,-611.4394528783415,4.8740500603164036e-5,3173.213686956672,5160.583718113826,2360.9537325681745,-5932.670815274427,4762.0803711047465,25100.416596106545
184,RBC-115,SA3,-0.18079151990222897,0.1346075461732966,-101.77285071845002,-1447.806169542823,2.662113090752255e-4,17636.07597056635,30079.651548975064,13534.490828364153,-33615.498095625306,27634.720518491573,21857.84893606581
185,RBC-116,SA3,-0.07038794384380509,0.052444983481913954,-39.69089310201638,-563.7883645737705,4.073856654467104e-5,2734.6314636604607,4454.9127699552,2012.202110044228,-4983.754905685273,4217.991478713182,24897.998583279164
186,RBC-118,SA3,-0.14737325886686392,0.10974995279647631,-83.00169133665572,-1180.9685037311137,1.7720059574569458e-4,11891.43493176244,19711.264949676188,8757.11353596039,-22243.726269320094,18116.087325279525,23194.32446031286
187,RBC-119,SA3,-0.07926894650953642,0.059057917240359685,-44.690001834270724,-636.5328676991423,5.217922695693952e-5,3394.177048622017,5557.402677849778,2550.4503561818565,-6357.869254983869,5144.160879849011,24153.385363508918
188,RBC-123,SA3,-0.21040583710396277,0.15660296032508395,-118.35870073991893,-1681.160415196291,3.646475877567687e-4,24417.130595350067,41449.71564282303,17903.144817822187,-46082.33580118453,37687.65561945835,20841.104951084773
189,RBC-125,SA3,-0.08201377881996308,0.06110043821816662,-46.232294569896496,-657.5447935001717,5.591870738861587e-5,3676.0881948002684,5929.430702016606,2733.2015091044914,-6764.326134565714,5574.394327274358,24478.566292880278
190,RBC-126,SA3,-0.07779028950752576,0.05795745210719856,-43.85931522074808,-623.9838521564099,5.001103375591744e-5,3316.2356039651995,5364.485675246925,2505.9964709086034,-6094.026832481709,5092.690967650052,24246.28425407608
191,RBC-127,SA3,-0.07578109124612098,0.05645724304711797,-42.721612493562255,-608.7531957998941,4.730498460639381e-5,3134.3623827565393,5120.08323807841,2369.681772233353,-5785.650865146801,4838.476575226487,24131.980592802644
192,RBC-128,SA3,-0.09448033204959927,0.07038986841155753,-53.26029991327385,-758.2530753025147,7.517059507083325e-5,4836.925427254258,8001.161379579695,3640.1154042561675,-9017.493555940946,7460.7087303197695,24160.32494279827
193,RBC-129,SA3,-0.0644185009994942,0.047994853837838906,-36.319192928540936,-516.7668787423877,3.3810778192576286e-5,2270.7172705520293,3606.351259121808,1675.9679509941643,-4171.275118177762,3381.761396301018,24051.20307480549
194,RBC-130,SA3,-0.106975002258892,0.079681463580688075,-60.279665978981434,-856.648363616649,9.505597012017353e-5,6288.708370978197,10134.293270020838,4593.141412423253,-11464.683855131352,9551.459293346907,23848.79442960061
195,RBC-131,SA3,-0.07329391566736376,0.054610909945674926,-41.327374218669675,-588.0988158194243,4.508608980613808e-5,2929.4200466299326,4705.06814600861,2187.5342548161834,-5381.747976850814,4440.274515690001,24418.87513937639
196,RBC-132,SA3,-0.18434955920517382,0.1372541326080334,-103.7728659096807,-1475.266079749087,2.804608240604393e-4,18920.364466132833,31543.146098546767,13928.408414640033,-35488.94894719323,28902.970312587226,21906.61339157877
197,RBC-143,SA3,-0.10723125013906554,0.07986998578925368,-60.420440342934235,-861.6095692443876,9.348014290853393e-5,6275.5494278650485,10298.392359807538,4751.661988495626,-11941.44729403953,9384.156575608826,24445.363228329115
198,RBC-144,SA3,-0.11078109177503137,0.0825162818309639,-62.42084286285674,-887.1220627952814,9.955482293189749e-5,6692.326148715762,10986.466179071615,5072.248812675598,-12571.446721132299,10179.594518885497,24623.102610570248
199,RBC-146,SA3,-0.06639328385736576,0.04947339133713115,-37.4439779529427,-532.4462524804502,3.663947341065905e-5,2392.703771675591,3874.702614208916,1796.9833803399895,-4372.26338506951,3692.1264177944595,24485.546557234116
200,RBC-148,SA3,-0.14582743259740027,0.10860877314494767,-82.14915706176222,-1168.9383790817292,1.7282935302907014e-4,11495.432533366276,19293.703449569293,8503.047820049916,-21938.430320735402,17353.75365507944,23029.76977683538
201,RBC-151,SA3,-0.10602267528538789,0.078971972862641,-59.741009601036254,-849.9787149534981,9.266417002564053e-5,6091.135506611171,9870.867766948182,4583.814177487491,-11256.266524430363,9289.551019280649,24135.811511821623
202,RBC-152,SA3,-0.09171080826118327,0.0683179922040468,-51.68898887052297,-734.6951857015589,6.965987437747904e-5,4587.698720451705,7409.616629348386,3409.5781460287535,-8552.761697625681,6854.13186786304,24493.459676090708
203,RBC-154,SA3,-0.09436017895802706,0.07029745744965052,-53.189309949349806,-757.3646298110256,7.278996445196326e-5,4841.978107682817,7926.9579160711155,3655.672705824604,-9104.526429797614,7320.082372570887,24966.865543235024
204,RBC-169,SA3,-0.09244148512391348,0.06886472530141154,-52.10647051431854,-742.2061063081438,6.959934611798878e-5,4644.311435120772,7600.261065428218,3500.194354036173,-8640.378680041673,7104.388244142836,24555.450710479865
205,RBC-173,SA3,-0.062173705164475734,0.046332572261600334,-35.07089627851167,-499.3583541079112,3.21991390730247e-5,2103.5851772209908,3427.2584613976583,1581.8219720717045,-3942.628903232182,3170.036739657311,25451.393835143437
206,RBC-176,SA3,-0.0646117716335084,0.04813849684440855,-36.427388947547534,-518.9029517232984,3.4483244799849806e-5,2304.9097291982466,3632.552288539718,1688.5336973087897,-4172.226789707479,3453.7689598225206,24864.73796803536
207,RBC-177,SA3,-0.06803659715368582,0.050696192445881395,-38.368974736084354,-546.6951143532777,3.77740545611189e-5,2524.537624595433,4109.803952759965,1868.9204881901007,-4670.184070728345,3833.0780325912083,24545.72792796763
208,RBC-178,SA3,-0.1200280271706049,0.08939891678966809,-67.62407170315217,-961.6467695336548,1.1788462610225614e-4,7942.039270536172,12978.31463184997,5901.088174212021,-14735.161738904895,12086.280455577893,24954.278149359357
209,RBC-181,SA3,-0.12197414999778289,0.09084238170599772,-68.71116991607681,-979.6834565200328,1.2129990391641739e-4,8118.85249117991,13318.558877799227,6001.107613081438,-15194.48137257102,12244.03773078946,24091.358446708153
210,RBC-182,SA3,-0.115872574006886,0.08631079633290174,-65.29649437011817,-928.1566930702932,1.0884142953619628e-4,7354.781736505328,12055.874392121026,5527.464271446332,-13702.19827424339,11235.922234670725,23491.746047483965
211,RBC-183,SA3,-0.07894457968125579,0.05881101888556654,-44.502437146320894,-631.9780800036332,5.1753258809091505e-5,3442.8084666356626,5484.691533484333,2562.2934624261115,-6434.580951360265,5055.212562939101,24411.025020721372
212,RBC-185,SA3,-0.17675839479638,0.13159154575154228,-99.49463795150933,-1413.0952774977522,2.6007847793817375e-4,17006.47270524245,28547.968026687064,12569.67194616201,-32401.039944825883,25723.072993344118,22034.089078563626
213,RBC-186,SA3,-0.09322827050483795,0.06945308108715519,-52.55413421466543,-746.6369736057641,7.31574540494696e-5,4770.309142280552,7669.967850706139,3545.5241746759675,-8826.224310197344,7159.5769306227685,24556.754593676746
214,RBC-189,SA3,-0.09501677676384901,0.07078474805184141,-53.56204030742197,-762.7793203150239,7.43280750662307e-5,4955.910963781823,7991.879257018317,3697.488861003536,-9206.248974196424,7439.030181935326,24593.26186347503
215,RBC-190,SA3,-0.09720443487296393,0.07241171995288713,-54.78780072326976,-779.8419482526796,7.7615334159665e-5,5179.217895115662,8468.264477205676,3833.4398569214004,-9729.571375834585,7751.350931023488,24567.213705094346
216,RBC-192,SA3,-0.12403996966870068,0.09238253185370499,-69.8805117344858,-993.7180458863345,1.2521786016915398e-4,8374.58497584955,13727.535548722382,6340.367946429758,-15505.586462915366,12936.90213330419,23391.493907304815
217,RBC-196,SA3,-0.07029559934686347,0.052377161863908804,-39.640065559096826,-564.6791642683934,4.011882745751374e-5,2689.369287579684,4327.7595861794,2038.689212419439,-4944.923153702923,4110.894972594428,24904.027803745546
218,RBC-201,SA3,-0.07114961842801648,0.053013618907839184,-40.12227070591997,-571.5090293173503,4.185164606623167e-5,2737.7368889673357,4430.130666616387,2023.9330662493658,-5080.171023692363,4111.629639992372,24895.90771082101
219,RBC-205,SA3,-0.20429005871838513,0.15207209005842562,-114.94415900818316,-1635.0217790392726,3.4167769228878573e-4,22802.084417580565,38565.447564834445,16777.085835959424,-42472.59060883637,35672.02755121575,20628.78492969229
220,RBC-211,SA3,-0.13240338521690376,0.0986067059308136,-74.58007574129729,-1058.9401412512598,1.4150720304468867e-4,9556.905387113173,15826.829249988534,7232.848533430735,-17814.011286103952,14802.57202593569,24385.712050083457
221,RBC-232,SA3,-0.09768337078021005,0.07277071646648106,-55.06147282328044,-784.2163801528212,7.947809702459624e-5,5230.438300410001,8467.465257334532,3845.3650584540583,-9708.280085834775,7834.988609841914,24830.960346854525
222,RBC-230,SA3,-0.10061539535025332,0.07495624932056463,-56.71475747446953,-806.7061189121249,8.219340835578409e-5,5481.624653357413,8950.258995747947,4074.402726202594,-10162.213111210447,8344.073346290912,24659.25964390584
223,RBC-229,SA3,-0.12914545690060208,0.0961899899382929,-72.75841377664368,-1033.7634433941837,1.3761085380984022e-4,9079.090038493905,15143.181658095858,6825.094938308315,-17147.739629590757,13899.627142918176,23350.12074290135
224,RBC-228,SA3,-0.16098537775309296,0.11985492778834261,-90.62363280648354,-1287.7240404874199,2.092126121057202e-4,14264.208931633932,23635.743490808756,10627.881507025095,-26700.44227473799,21827.391863942405,22334.336190889113
225,RBC-227,SA3,-0.13023657326300508,0.09699475607395815,-73.35929492363907,-1042.9686379864927,1.3797489479712584e-4,9245.09897613339,15256.929214774655,6886.20725233042,-17520.583499329976,13867.652081883381,23825.200434339404
226,RBC-226,SA3,-0.09789331723330008,0.07292251338422083,-55.171781541300064,-785.1766041335062,7.889595298176717e-5,5200.335856549033,8543.487790766256,3882.8937057079725,-9775.781155340046,7850.936276579167,24394.653269493243
227,RBC-225,SA3,-0.100039747503061,0.07451980960024142,-56.37476820619834,-801.7185735534865,8.264043435450504e-5,5451.656125246736,8997.31066812228,3999.1136141675315,-10309.37708293137,8138.70340724561,24353.96948247135
228,RBC-224,SA3,-0.12495788852831424,0.09307773904144993,-70.41157213488017,-999.5548670385036,1.274354242202937e-4,8494.709172181465,13854.849562383313,6293.806508454653,-15949.048337991768,12694.317032463088,23601.85575038477
229,RBC-223,SA3,-0.09026283377507127,0.06724365523018319,-50.88327494559271,-722.8100448676416,6.688107862040095e-5,4482.6177599546,7371.80657414336,3250.4406839750573,-8328.066182316212,6776.798902637884,25281.3550921803
230,RBC-222,SA3,-0.11540912930776415,0.0859703693693277,-65.03707448131702,-924.1030147965632,1.1126474891991694e-4,7347.689458948866,11959.441799631495,5403.0360772155145,-13575.039059021914,11135.128388038709,23525.818071574795
231,RBC-221,SA3,-0.1349785501842291,0.10052373400331067,-76.03129059684458,-1082.4733555011562,1.477384628485627e-4,9806.166256400764,16017.887307919887,7535.625866617118,-18156.147012296722,15203.532566379508,23003.80131294448
232,RBC-220,SA3,-0.12065135226058032,0.08985911423519913,-67.96821051842808,-967.9398730151395,1.1824657186105794e-4,8020.729921229869,13085.336381745268,5902.54326035987,-15094.730982681584,11913.878698899996,23708.446492842093
233,RBC-219,SA3,-0.0902372891774803,0.06722656172745818,-50.86469330176022,-723.3286583451375,6.748345828929003e-5,4423.982724974046,7143.364014584454,3308.809799786587,-8243.876553436887,6632.28005339166,24905.133069431635
234,RBC-218,SA3,-0.13210832767548197,0.09839459304251323,-74.42729333329149,-1061.3200751333472,1.4367976773070157e-4,9448.370790190347,15593.30565845774,7077.9834046331625,-17689.96322893155,14429.696768029473,23371.987702478662
235,RBC-217,SA3,-0.0869846470924287,0.06479911777479248,-49.022585252810686,-698.3274952724395,6.185354547676561e-5,4103.138846677761,6740.892131225303,3139.0735311822004,-7584.207410563149,6398.897160375662,24861.69615754618
236,RBC-216,SA3,-0.10774856386678522,0.08027118800644464,-60.73942957960542,-863.8336660004317,9.501385827454291e-5,6333.078542989199,10355.587496652863,4754.5329909862,-11793.563228226165,9649.635897415956,23736.85854955086
237,RBC-214,SA3,-0.13848947089299202,0.10313214480875621,-77.99888769708195,-1110.3009503385058,1.55997913336703e-4,10488.944002392198,17243.091716349823,7898.627613934091,-19536.902432816612,16093.761055857416,23987.77870442847
238,RBC-212,SA3,-0.15183221407878023,0.11306687775302635,-85.50914949548667,-1217.1710639279124,1.884671051466973e-4,12600.888540568187,20831.291972008825,9554.829381591415,-23685.97433637933,19301.035746256202,22876.259797735547
239,RBC-211,SA3,-0.1326047989261525,0.09875230657852614,-74.69115537855384,-1060.4229307726241,1.454562748250743e-4,9650.800851870272,15722.345862510425,7123.413078239481,-18035.519820348014,14461.04011772844,23643.821763869648
240,RBC-210,SA3,-0.11676957012873856,0.08697030791337057,-65.7847254866275,-937.4608253548008,1.1370974708945618e-4,7524.635270645131,12010.700413335404,5555.315803700886,-13866.779194181276,11223.872407209892,23663.747886176447
241,RBC-208,SA3,-0.1445229186072936,0.10762680767812137,-81.40569596248285,-1156.3994141237667,1.7217148608403922e-4,11396.77829227614,18833.10462767362,8491.772072580725,-21260.83952873446,17460.815635967505,22632.525867092998
242,RBC-206,SA3,-0.09789684432211487,0.07292603367317878,-55.17774893855573,-784.9977868990661,7.799083183239176e-5,5223.884212096401,8455.117204623839,3983.852965543911,-9621.555660526235,8041.298799728749,24272.915922111166
