sample_id,study_area,var_baseline,var_ENSO,var_year_to_year,var_combined,var_spatial,var_temporal
1,SA1,3.031576340784292e-4,3.033437720818313e-4,3.0318736922244375e-4,3.0337417367182163e-4,3.031576340784292e-4,2.165395933924146e-7
2,SA1,2.9773061514994624e-4,2.9773348077829863e-4,2.9773820798234736e-4,2.9774104649612484e-4,2.9773061514994624e-4,1.0431346178605295e-8
3,SA1,2.981826580816879e-4,2.985617171774637e-4,2.9866768322016335e-4,2.990508470076281e-4,2.981826580816879e-4,8.68188925940165e-7
4,SA1,2.6375517724330197e-4,2.6394630783875973e-4,2.6387595813202473e-4,0.00026406517157224433,2.6375517724330197e-4,3.0999432894235736e-7
5,SA1,2.8577168935139344e-4,2.858841639993256e-4,2.859584030159714e-4,2.860712747508667e-4,2.8577168935139344e-4,2.995853994732455e-7
6,SA1,3.050021118765639e-4,3.050038927282775e-4,3.050740710109033e-4,3.0507601439187874e-4,3.050021118765639e-4,7.390251531482622e-8
7,SA1,3.0506970867445017e-4,3.0516446706400967e-4,3.04941602506404e-4,3.0503729864553433e-4,3.0506970867445017e-4,-3.241002891583855e-8
8,SA1,2.5430276529436627e-4,2.5453072924528606e-4,2.5450559198358013e-4,2.5473023440560235e-4,2.5430276529436627e-4,4.274691112360774e-7
9,SA1,3.266408097882426e-4,3.2664553487634366e-4,3.266325125737467e-4,3.266374039711115e-4,3.266408097882426e-4,-3.4058171310860468e-9
10,SA1,2.450330608180316e-4,2.4505515545220736e-4,2.4512139834308974e-4,2.4514373117587193e-4,2.450330608180316e-4,1.1067035784030708e-7
11,SA1,3.095699916818414e-4,3.0957198126393645e-4,3.095948992723908e-4,3.095968263060275e-4,3.095699916818414e-4,2.6834624186091154e-8
12,SA1,2.739326369020182e-4,2.7401621965547304e-4,2.7391127078566993e-4,2.7399618648649284e-4,2.739326369020182e-4,6.354958447462537e-8
13,SA1,3.1170247961429784e-4,3.117219623324691e-4,3.117333877831206e-4,3.1175270709939124e-4,3.1170247961429784e-4,5.022748509339939e-8
14,SA1,3.0189415993015493e-4,3.0191635872909407e-4,3.019019054125419e-4,3.019246983498345e-4,3.0189415993015493e-4,3.053841967959369e-8
15,SA1,2.9183437576427764e-4,2.918433687466443e-4,2.9187807138529e-4,2.918869440621024e-4,2.9183437576427764e-4,5.256829782476595e-8
16,SA1,3.321451596908122e-4,3.3217401216635296e-4,3.322505532595261e-4,3.322793946993599e-4,3.321451596908122e-4,1.3423500854766552e-7
17,SA1,3.014786534906657e-4,3.016067141002091e-4,3.0160139264628693e-4,3.017243130656357e-4,3.014786534906657e-4,2.4565957497000787e-7
18,SA1,2.611225856320442e-4,2.6113113066537024e-4,2.610965012840211e-4,2.61105314303246e-4,2.611225856320442e-4,-1.7271328798184552e-8
19,SA1,2.9915762865158444e-4,2.9916589627743427e-4,2.9918560037239464e-4,2.9919357126149574e-4,2.9915762865158444e-4,3.594260991130393e-8
20,SA1,3.3151921548227456e-4,3.315829332819777e-4,3.314957336730993e-4,3.315594949542852e-4,3.3151921548227456e-4,4.027947201061706e-8
21,SA1,3.0207974542693125e-4,3.0209659236149884e-4,3.02157547469526e-4,3.0217488804762377e-4,3.0207974542693125e-4,9.51426206925233e-8
22,SA1,2.6463024661712344e-4,2.6473095249942663e-4,2.648153652139269e-4,2.64914461749157e-4,2.6463024661712344e-4,2.8421513203357894e-7
23,SA1,2.693848019150315e-4,2.6941836517596336e-4,2.6938872536690463e-4,2.69422093482966e-4,2.693848019150315e-4,3.729156793449593e-8
24,SA1,2.844300732623911e-4,2.844360507101756e-4,2.844298925567451e-4,2.8443615745772416e-4,2.844300732623911e-4,6.084195333037456e-9
25,SA1,2.9617287345246377e-4,2.964173802768307e-4,2.9636651065378104e-4,2.966128234080035e-4,2.9617287345246377e-4,4.39949955539714e-7
26,SA1,3.3070654815384035e-4,3.3072910239774484e-4,3.3074542486167933e-4,3.3076827041755933e-4,3.3070654815384035e-4,6.172226371897824e-8
27,SA1,2.7294528390246634e-4,2.7296099521272504e-4,2.7288708656231377e-4,2.7290265543395033e-4,2.7294528390246634e-4,-4.2628468516008825e-8
28,SA1,3.1495577782597654e-4,3.151729683338735e-4,3.1495466881603515e-4,3.1517412593239915e-4,3.1495577782597654e-4,2.183481064226109e-7
29,SA1,2.8113508577177554e-4,2.8116930381742576e-4,2.8118929681878797e-4,2.812242293829456e-4,2.8113508577177554e-4,8.914361117003979e-8
30,SA1,2.776985540263056e-4,2.7770190502305546e-4,2.777028792926553e-4,2.777064499854096e-4,2.776985540263056e-4,7.895959104001898e-9
31,SA1,3.30815514726821e-4,3.3105981436352066e-4,3.310161633780107e-4,3.312618874264577e-4,3.30815514726821e-4,4.463726996366984e-7
32,SA1,2.675732382235489e-4,2.676649720652759e-4,2.6760240429994024e-4,2.6769498399154923e-4,2.675732382235489e-4,1.2174576800031344e-7
33,SA1,2.659082062406196e-4,2.65967786727195e-4,2.661030706789354e-4,2.6616231690510715e-4,2.659082062406196e-4,2.541106644875441e-7
34,SA1,2.937389795830908e-4,2.9403782694268477e-4,2.9398742546738154e-4,2.942888084418509e-4,2.937389795830908e-4,5.498288587601347e-7
35,SA1,2.888878791100388e-4,2.889270011476473e-4,2.8896065581157534e-4,2.890000307253443e-4,2.888878791100388e-4,1.1215161530546284e-7
36,SA1,2.994466552868258e-4,2.995470919678811e-4,2.994598262363788e-4,2.995613047465253e-4,2.994466552868258e-4,1.1464945969951335e-7
37,SA1,3.0113043799328984e-4,3.011832549736884e-4,3.01247770074447e-4,3.012997198945198e-4,3.0113043799328984e-4,1.6928190122995727e-7
38,SA1,2.555377104663294e-4,2.55854741977391e-4,2.5615432383200426e-4,2.5647357965973396e-4,2.555377104663294e-4,9.358691934045651e-7
39,SA1,2.7793928920400113e-4,2.779624418381453e-4,2.7785044649927045e-4,2.778732524007214e-4,2.7793928920400113e-4,-6.603680327972551e-8
40,SA1,2.9038450886864994e-4,2.904121010036919e-4,2.9040731548642666e-4,2.9043498106796597e-4,2.9038450886864994e-4,5.047219931602655e-8
41,SA1,3.2150066752078074e-4,3.2181843275569687e-4,3.2179036107688266e-4,3.221042073685588e-4,3.2150066752078074e-4,6.035398477780875e-7
42,SA1,2.9672967014955144e-4,2.9695235359286203e-4,2.9674342941605233e-4,2.9696767625155685e-4,2.9672967014955144e-4,2.3800610200540957e-7
43,SA1,2.8327702960458264e-4,2.8335406210917917e-4,2.832417152258349e-4,2.8331739386231646e-4,2.8327702960458264e-4,4.036425773381843e-8
44,SA1,2.77478204471871e-4,2.774936603748794e-4,2.775137980860497e-4,2.775290494544095e-4,2.77478204471871e-4,5.0844982538503225e-8
45,SA1,2.7306086556103993e-4,2.730701727215858e-4,2.730395101218229e-4,2.730486921477647e-4,2.7306086556103993e-4,-1.2173413275248096e-8
46,SA1,3.120439383139988e-4,3.1210254502307705e-4,3.119879881949752e-4,3.1204572896111787e-4,3.120439383139988e-4,1.7906471190803214e-9
47,SA1,3.0755460694975096e-4,3.076421534756724e-4,3.0765895987396453e-4,3.077479164581592e-4,3.0755460694975096e-4,1.9330950840821788e-7
48,SA1,3.345753742175474e-4,3.3457647381956177e-4,3.3459935919995834e-4,3.346004741892853e-4,3.345753742175474e-4,2.509997173787918e-8
49,SA1,3.2149259951152386e-4,3.215013187816292e-4,3.215374293742582e-4,3.2154581195777316e-4,3.2149259951152386e-4,5.3212446249307436e-8
50,SA1,2.736405651496081e-4,2.737432638560583e-4,2.736021218283985e-4,2.7370677647858637e-4,2.736405651496081e-4,6.62113289782518e-8
51,SA1,3.010393351919882e-4,3.0104676773567545e-4,3.0095312407970356e-4,3.009606505005413e-4,3.010393351919882e-4,-7.868469144691262e-8
52,SA1,2.765859360282657e-4,2.769612188614261e-4,2.7682046950946586e-4,2.772013585175221e-4,2.765859360282657e-4,6.1542248925645e-7
53,SA1,2.960488705875922e-4,2.960505687868542e-4,2.9610189579865563e-4,2.961037126729818e-4,2.960488705875922e-4,5.484208538962835e-8
54,SA1,3.203161356871824e-4,3.2060725135003105e-4,3.203041796616365e-4,3.2059463207821377e-4,3.203161356871824e-4,2.784963910313471e-7
55,SA1,3.107109836848618e-4,3.1074351076324804e-4,3.10791663622362e-4,3.108241479058698e-4,3.107109836848618e-4,1.1316422100798472e-7
56,SA1,2.5492791289518567e-4,2.5496955847274165e-4,2.5479635352854406e-4,2.548367429134119e-4,2.5492791289518567e-4,-9.116998177374292e-8
57,SA1,2.9252581944381334e-4,2.925309944478862e-4,2.925269377733676e-4,2.9253204919485633e-4,2.9252581944381334e-4,6.229751042992077e-9
58,SA1,2.640498018912427e-4,2.644072271324292e-4,2.640999700003617e-4,2.6445631349931574e-4,2.640498018912427e-4,4.065116080730676e-7
59,SA1,3.0724882152919025e-4,3.0732439095823707e-4,3.0738444633974024e-4,3.074590311500784e-4,3.0724882152919025e-4,2.1020962088813848e-7
60,SA1,3.293133770533107e-4,3.296306817575727e-4,3.2969386847162734e-4,3.300155937180908e-4,3.293133770533107e-4,7.022166647801327e-7
61,SA1,3.039407865301895e-4,3.0396576717633755e-4,3.040100481574721e-4,3.0403466075056045e-4,3.039407865301895e-4,9.387422037095399e-8
62,SA1,2.975409086523611e-4,2.975465720878928e-4,2.9764457077002197e-4,2.9765006590088875e-4,2.975409086523611e-4,1.0915724852765714e-7
63,SA1,2.741803222954636e-4,2.7426255016165603e-4,2.741522446461938e-4,2.7423362649602804e-4,2.741803222954636e-4,5.330420056444494e-8
64,SA1,2.802867187056621e-4,2.8039933066709594e-4,2.8026924324423154e-4,2.8038205614630844e-4,2.802867187056621e-4,9.533744064636664e-8
65,SA1,2.670662831189072e-4,2.671979266227244e-4,2.6717633308572967e-4,2.673061199660087e-4,2.670662831189072e-4,2.3983684710145777e-7
66,SA1,2.888789041046372e-4,2.8892079258353956e-4,2.8893785843921843e-4,2.889800408652555e-4,2.888789041046372e-4,1.0113676061831046e-7
67,SA1,2.8533920508603075e-4,2.853749625095427e-4,2.854527135898097e-4,2.85489079789964e-4,2.8533920508603075e-4,1.498747039332688e-7
68,SA1,2.9400810813854847e-4,2.9404673813351444e-4,2.9396844893809674e-4,2.9400736411924874e-4,2.9400810813854847e-4,-7.440192997289208e-10
69,SA1,3.1588438575213954e-4,3.158895831911244e-4,3.1589922961951e-4,3.1590467905378634e-4,3.1588438575213954e-4,2.0293301646794135e-8
70,SA1,3.426523544183719e-4,3.427086527167251e-4,3.426781032844727e-4,3.42734465269658e-4,3.426523544183719e-4,8.211085128609396e-8
71,SA1,3.1992322923108415e-4,3.1997651760256706e-4,3.1980425110440314e-4,3.198575611005775e-4,3.1992322923108415e-4,-6.566813050664288e-8
72,SA1,3.232508831318847e-4,3.2357494831082936e-4,3.2282771208360717e-4,3.231478988915893e-4,3.232508831318847e-4,-1.0298424029541895e-7
73,SA1,3.0749167532629447e-4,3.07504693050668e-4,3.076424300997776e-4,3.0765538524539873e-4,3.0749167532629447e-4,1.6370991910426118e-7
74,SA1,3.337642368981761e-4,3.340383568519586e-4,3.3396908959639485e-4,3.3424443025174323e-4,3.337642368981761e-4,4.801933535671207e-7
75,SA1,3.1697007026217067e-4,3.1698420259774443e-4,3.1701628977631366e-4,3.170303392008487e-4,3.1697007026217067e-4,6.026893867804549e-8
76,SA1,3.0778565918904735e-4,3.0821196576636686e-4,3.081209455985073e-4,3.0855288877441954e-4,3.0778565918904735e-4,7.672295853721855e-7
77,SA1,3.45994097600949e-4,3.460099378151952e-4,3.4613429735551066e-4,3.461496359393425e-4,3.45994097600949e-4,1.5553833839350396e-7
78,SA1,2.763068764681833e-4,2.7634323971029927e-4,2.76233211796274e-4,2.762697065213368e-4,2.763068764681833e-4,-3.71699468464581e-8
79,SA1,3.109893782892153e-4,3.110386486221158e-4,3.112074968356446e-4,3.1125639651128327e-4,3.109893782892153e-4,2.6701822206798157e-7
80,SA1,3.050580705448409e-4,3.051918676408305e-4,3.0521584135707294e-4,3.0535036438870635e-4,3.050580705448409e-4,2.922938438654622e-7
81,SA1,3.333512660681446e-4,3.335605593694069e-4,3.334594321334985e-4,3.3366691195047356e-4,3.333512660681446e-4,3.1564588232898356e-7
82,SA1,2.783840671959594e-4,2.784019876314623e-4,2.783983780158105e-4,2.784156960618539e-4,2.783840671959594e-4,3.16288658944717e-8
83,SA1,3.43193507927952e-4,3.434701925069662e-4,3.4344264050572724e-4,3.437181516677566e-4,3.43193507927952e-4,5.246437398045826e-7
84,SA1,2.9792115899753517e-4,2.9794020023735394e-4,2.978909811787422e-4,2.979101300398594e-4,2.9792115899753517e-4,-1.1028957675786061e-8
85,SA1,2.740600196574305e-4,2.7422159153082823e-4,2.7429298763089523e-4,2.7445758453467997e-4,2.740600196574305e-4,3.9756487724948485e-7
86,SA1,2.3693057529193038e-4,2.372178721854662e-4,2.3717268875334078e-4,2.3745707591617458e-4,2.3693057529193038e-4,5.265006242441959e-7
87,SA1,2.6069711665716575e-4,2.610225369727062e-4,2.6057759159441675e-4,2.6090170055486576e-4,2.6069711665716575e-4,2.045838977000067e-7
88,SA1,3.283284321137555e-4,3.284413794050564e-4,3.283504238563775e-4,3.284611486292553e-4,3.283284321137555e-4,1.327165154997828e-7
89,SA1,2.99695661777209e-4,2.999152338425701e-4,2.9984366862339916e-4,3.0006001970890014e-4,2.99695661777209e-4,3.6435793169116134e-7
90,SA1,2.9405576951443377e-4,2.942608110884924e-4,2.9357365855860846e-4,2.937804790281425e-4,2.9405576951443377e-4,-2.752904862912643e-7
91,SA1,3.1626382108204725e-4,3.1666239759961545e-4,3.168097886498901e-4,3.1721033129669294e-4,3.1626382108204725e-4,9.465102146456934e-7
92,SA1,3.1452548447142165e-4,3.1452817641579105e-4,3.1451536065816985e-4,3.145178604547612e-4,3.1452548447142165e-4,-7.624016660448974e-9
93,SA1,3.3214280613741014e-4,3.323144962185154e-4,3.319695620215947e-4,3.3214128826348284e-4,3.3214280613741014e-4,-1.5178739272967735e-9
94,SA1,3.0736573053863456e-4,3.073783240641368e-4,3.0731595800074363e-4,3.0732879637844474e-4,3.0736573053863456e-4,-3.693416018981993e-8
95,SA1,2.993574545979834e-4,2.995414961235412e-4,2.99291963246931e-4,2.9947675788774374e-4,2.993574545979834e-4,1.193032897603614e-7
96,SA1,3.1195349348425526e-4,3.120271311228178e-4,3.120248159489107e-4,3.1209957161066113e-4,3.1195349348425526e-4,1.4607812640586582e-7
97,SA1,3.329967909853794e-4,3.330012194014276e-4,3.330015195287857e-4,3.330058759284857e-4,3.329967909853794e-4,9.084943106293063e-9
98,SA1,2.864716066139268e-4,2.8649111719187577e-4,2.865279402990295e-4,2.8654728417223507e-4,2.864716066139268e-4,7.567755830827604e-8
99,SA1,2.908032646024468e-4,2.90852612627097e-4,2.90901922419757e-4,2.909516214537358e-4,2.908032646024468e-4,1.483568512890233e-7
100,SA1,2.7299927706924136e-4,2.730030452357151e-4,2.7304381877525153e-4,2.7304760264222963e-4,2.7299927706924136e-4,4.832557298827065e-8
101,SA1,3.009860833628147e-4,3.0114192816812666e-4,3.0114201486461996e-4,3.0129952784272975e-4,3.009860833628147e-4,3.1344447991505427e-7
102,SA1,3.330940351355415e-4,3.331045769748883e-4,3.3311287336454447e-4,3.3312329377565105e-4,3.330940351355415e-4,2.9258640109569405e-8
103,SA1,3.363855146002588e-4,3.3671506894974285e-4,3.3709332859438863e-4,3.374194037184901e-4,3.363855146002588e-4,1.0338891182312985e-6
104,SA1,2.6308386860171703e-4,2.6314363829272393e-4,2.629717239479262e-4,2.6303052773610225e-4,2.6308386860171703e-4,-5.3340865614781054e-8
105,SA1,2.596890974461665e-4,2.597181899398033e-4,2.59626684550241e-4,2.596557465628035e-4,2.596890974461665e-4,-3.3350883362978385e-8
106,SA1,2.898102373385391e-4,2.9022950550437846e-4,2.90529522187928e-4,2.909600718062673e-4,2.898102373385391e-4,1.1498344677281919e-6
107,SA1,2.1153850406468457e-4,2.1155298143026556e-4,2.1155895597152008e-4,2.1157355283728436e-4,2.1153850406468457e-4,3.504877259979163e-8
108,SA1,2.6719110462461226e-4,2.674369727281758e-4,2.6739190643371456e-4,2.676359105373968e-4,2.6719110462461226e-4,4.448059127845302e-7
109,SA1,2.6053609198569024e-4,2.607859542097106e-4,2.6021366134726295e-4,2.6046677587664374e-4,2.6053609198569024e-4,-6.931610904649301e-8
110,SA1,2.734943360933388e-4,2.7352519777646577e-4,2.73524815256604e-4,2.7355512726844506e-4,2.734943360933388e-4,6.079117510624692e-8
111,SA1,2.9535067311069896e-4,2.9555876250218224e-4,2.954783215426703e-4,2.9568744191452655e-4,2.9535067311069896e-4,3.367688038275981e-7
112,SA1,3.0723857093210453e-4,3.0725982520186067e-4,3.072263935867241e-4,3.0724778713411556e-4,3.0723857093210453e-4,9.216202011025788e-9
113,SA1,3.027137322544411e-4,3.0282641008871707e-4,3.029108712702839e-4,3.030223831431116e-4,3.027137322544411e-4,3.086508886705145e-7
114,SA1,2.917506668570433e-4,2.917660032470366e-4,2.918296021554981e-4,2.918447429144407e-4,2.917506668570433e-4,9.407605739742992e-8
115,SA1,2.8287277822884745e-4,2.830424886893051e-4,2.8315194359403205e-4,2.833214483468576e-4,2.8287277822884745e-4,4.4867011801013375e-7
116,SA1,2.76146045488716e-4,2.7628177383320923e-4,2.761475512184191e-4,2.7628226457778e-4,2.76146045488716e-4,1.362190890640295e-7
117,SA1,3.008271931094365e-4,3.0088889132609764e-4,3.010604672187335e-4,3.0112276756217226e-4,3.008271931094365e-4,2.955744527357424e-7
118,SA1,2.892252814718075e-4,0.00028923632249749307,2.8921636433135536e-4,2.8922733569969675e-4,2.892252814718075e-4,2.054227889246134e-9
119,SA1,2.7861347828022454e-4,2.786385089215932e-4,2.7840872779272844e-4,2.7843364848862437e-4,2.7861347828022454e-4,-1.798297916001776e-7
120,SA1,2.7968865599714923e-4,2.7990267994947466e-4,2.799408513487345e-4,2.801555702381812e-4,2.7968865599714923e-4,4.6691424103196535e-7
121,SA1,2.8363237199276675e-4,2.8371199100457595e-4,2.8363897733188004e-4,2.8371972656400914e-4,2.8363237199276675e-4,8.735457124239019e-8
122,SA1,3.2807709770636494e-4,3.2811392157638356e-4,3.280071819809558e-4,3.280441943505167e-4,3.2807709770636494e-4,-3.290335584825747e-8
123,SA1,2.960311128705308e-4,2.9613376820254576e-4,2.9608057866170297e-4,2.9618348093238056e-4,2.960311128705308e-4,1.5236806184977785e-7
124,SA1,2.865715434972963e-4,2.867544173071322e-4,2.868578674418569e-4,2.870426801712938e-4,2.865715434972963e-4,4.711366739974668e-7
125,SA1,2.897403651428561e-4,2.8979772740758924e-4,2.8984923230140084e-4,2.8990640286256783e-4,2.897403651428561e-4,1.6603771971175152e-7
126,SA1,3.090808537936137e-4,3.091376531911246e-4,3.089819882591975e-4,3.0903800876360223e-4,3.090808537936137e-4,-4.284503001147043e-8
127,SA1,2.959269880477068e-4,2.9595977545793066e-4,2.9595322016615907e-4,2.959859533053101e-4,2.959269880477068e-4,5.8965257603276616e-8
128,SA2,2.850029335495011e-4,2.8504478607691957e-4,2.8500471852746165e-4,2.850463320734289e-4,2.850029335495011e-4,4.3398523927751925e-8
129,SA2,3.2793941393799853e-4,3.281229814415299e-4,3.279836881831568e-4,3.281665563145829e-4,3.2793941393799853e-4,2.2714237658436835e-7
130,SA2,3.0272942795691416e-4,3.027662150392574e-4,3.0283013428902936e-4,3.028677634298577e-4,3.0272942795691416e-4,1.3833547294353704e-7
131,SA2,3.136900734664438e-4,3.137167233000868e-4,3.136100914129702e-4,3.1363739370418256e-4,3.136900734664438e-4,-5.267976226124233e-8
132,SA2,3.066015744524501e-4,3.0678597811470236e-4,3.068957706710691e-4,3.070784367080505e-4,3.066015744524501e-4,4.768622556003757e-7
133,SA2,2.998357627168639e-4,0.00030009497108196093,2.9994550728854486e-4,3.002079821188467e-4,2.998357627168639e-4,3.7221940198280384e-7
134,SA2,3.318335002548723e-4,3.320347911618977e-4,3.3238212757649005e-4,3.325802480693501e-4,3.318335002548723e-4,7.467478144778045e-7
135,SA2,3.0849620291873814e-4,3.0876079099453175e-4,3.0890102958233337e-4,3.091666780783154e-4,3.0849620291873814e-4,6.704751595772445e-7
136,SA2,2.9751753396784674e-4,2.9752631724920965e-4,2.975426471157181e-4,2.9755170251597634e-4,2.9751753396784674e-4,3.4168548129602256e-8
137,SA2,3.068346751473102e-4,3.068469283397838e-4,3.0684140347127643e-4,3.0685398914351986e-4,3.068346751473102e-4,1.9313996209649464e-8
138,SA2,2.9178549965731766e-4,2.919097423399529e-4,2.9185414938004975e-4,2.919757262683713e-4,2.9178549965731766e-4,1.9022661105366247e-7
139,SA2,2.931897524855152e-4,2.934941891991703e-4,2.936003613555357e-4,2.9390826645176853e-4,2.931897524855152e-4,7.185139662533213e-7
140,SA2,2.9579632161189713e-4,2.9584751750740224e-4,2.9591889652581766e-4,2.9597061048654755e-4,2.9579632161189713e-4,1.742888746504123e-7
141,SA2,2.9075022203267517e-4,2.9111908360326076e-4,2.9118520084731763e-4,2.915567432629568e-4,2.9075022203267517e-4,8.06521230281652e-7
142,SA2,3.182399958177607e-4,3.182929482242927e-4,3.1815397075500736e-4,3.1820593637590114e-4,3.182399958177607e-4,-3.405944185957662e-8
143,SA2,2.8633871487050635e-4,2.8652022784658374e-4,2.864972265150636e-4,2.8668118941001697e-4,2.8633871487050635e-4,3.424745395106234e-7
144,SA2,3.0617684112299777e-4,3.0624694132005487e-4,3.062862390328158e-4,3.063550870506742e-4,3.0617684112299777e-4,1.7824592767642748e-7
145,SA2,3.1699975997039867e-4,3.17022287698579e-4,3.1706446301325923e-4,3.170870149929968e-4,3.1699975997039867e-4,8.725502259810574e-8
146,SA2,3.0896877412419103e-4,3.0897675961216454e-4,3.090618288518148e-4,3.0906983497213834e-4,3.0896877412419103e-4,1.0106084794730442e-7
147,SA2,3.193037330826305e-4,3.1935042914118015e-4,3.1921941018687414e-4,3.1926609734331284e-4,3.193037330826305e-4,-3.763573931767506e-8
148,SA2,3.2951178377552435e-4,3.295590194786814e-4,3.29461635800069e-4,3.2951037904998886e-4,3.2951178377552435e-4,-1.4047255354906162e-9
149,SA2,3.0380932948494724e-4,3.039795874564996e-4,3.0400037026608913e-4,3.041714619077175e-4,3.0380932948494724e-4,3.6213242277023964e-7
150,SA2,3.017582291314949e-4,3.017704684794533e-4,3.0168492745885736e-4,3.016973059865052e-4,3.017582291314949e-4,-6.092314498972731e-8
151,SA2,3.215271085022543e-4,3.215445538385702e-4,3.2160590045814916e-4,3.2162324160344433e-4,3.215271085022543e-4,9.613310119005675e-8
152,SA2,3.166484235597517e-4,3.166632900770296e-4,3.166458807440395e-4,3.1666069330531775e-4,3.166484235597517e-4,1.2269745566025232e-8
153,SA2,3.007788139821856e-4,3.0080068069385197e-4,3.007879927796269e-4,3.008100166641699e-4,3.007788139821856e-4,3.1202681984314647e-8
154,SA2,2.876179072978104e-4,2.880026351809039e-4,2.877308964553884e-4,2.881177750158803e-4,2.876179072978104e-4,4.998677180699193e-7
155,SA2,3.0286724691494006e-4,3.0290789169671624e-4,3.0298715861912733e-4,3.0302770015896773e-4,3.0286724691494006e-4,1.6045324402767574e-7
156,SA2,3.282369634498247e-4,3.283176746529811e-4,3.2852137257606735e-4,3.2860169127897713e-4,3.282369634498247e-4,3.6472782915245505e-7
157,SA2,2.8815118907206654e-4,2.8818413438693325e-4,2.880166696730473e-4,2.8804985186535367e-4,2.8815118907206654e-4,-1.0133720671287464e-7
158,SA2,3.051876009045798e-4,3.051900843936328e-4,3.0517494235693783e-4,3.0517738863536484e-4,3.051876009045798e-4,-1.0212269214949707e-8
159,SA2,3.2142118324815494e-4,3.2143761819361657e-4,3.214084964259745e-4,3.214249170220604e-4,3.2142118324815494e-4,3.733773905453732e-9
160,SA2,3.2885482277541004e-4,3.288599431555561e-4,3.2889245612413175e-4,3.288975389681027e-4,3.2885482277541004e-4,4.271619269267295e-8
161,SA2,3.2542588942707887e-4,3.2545378562478876e-4,3.2537900808132987e-4,3.254061274991965e-4,3.2542588942707887e-4,-1.9761927882360007e-8
162,SA2,3.3180401108541784e-4,3.318183517548559e-4,3.3177239054025165e-4,3.317870123392317e-4,3.3180401108541784e-4,-1.699874618615784e-8
163,SA2,3.328652550296338e-4,3.329879895863518e-4,3.3293979392182675e-4,3.330599623097441e-4,3.328652550296338e-4,1.947072801103118e-7
164,SA2,3.304238349926795e-4,3.305186869749672e-4,3.3070709838981227e-4,3.3080196654182854e-4,3.304238349926795e-4,3.781315491490581e-7
165,SA2,3.1529301272875963e-4,3.153985261945234e-4,3.1563215768726433e-4,3.1573714040795503e-4,3.1529301272875963e-4,4.441276791953934e-7
166,SA2,3.1604487753666077e-4,3.161432889515586e-4,3.1628360174074463e-4,3.163808329990095e-4,3.1604487753666077e-4,3.359554623487415e-7
167,SA2,3.218408710906175e-4,3.221042639844979e-4,3.220950576809732e-4,3.2236242865169685e-4,3.218408710906175e-4,5.21557561079355e-7
168,SA2,2.952034479685458e-4,2.9557297772088583e-4,2.9550082437551254e-4,2.9586801758312947e-4,2.952034479685458e-4,6.645696145836833e-7
169,SA2,3.027856599130023e-4,3.0292584011454505e-4,3.029431971293682e-4,3.030825444179246e-4,3.027856599130023e-4,2.9688450492231996e-7
170,SA2,3.2371556081513427e-4,3.239715257251475e-4,3.2404043576274316e-4,3.2429528356058896e-4,3.2371556081513427e-4,5.797227454546936e-7
171,SA2,3.341194781096572e-4,3.3412490318631007e-4,3.340502745862614e-4,3.3405557504447963e-4,3.341194781096572e-4,-6.390306517755837e-8
172,SA2,2.9513501014490426e-4,2.951766622197704e-4,2.951352749586012e-4,2.951769471174927e-4,2.9513501014490426e-4,4.19369725884332e-8
173,SA2,3.3409698039516114e-4,3.342299804607668e-4,3.340520057136884e-4,3.341842996562611e-4,3.3409698039516114e-4,8.731926109993918e-8
174,SA2,3.2346690030210474e-4,3.2348163584184974e-4,3.235399450376404e-4,3.235547924159912e-4,3.2346690030210474e-4,8.789211388646754e-8
175,SA2,3.2958758019904425e-4,3.297696118247821e-4,3.29530705841956e-4,3.2971030601815747e-4,3.2958758019904425e-4,1.2272581911322317e-7
176,SA2,3.3259423280852394e-4,3.326661081365296e-4,3.325726466661193e-4,3.326436305732158e-4,3.3259423280852394e-4,4.939776469185635e-8
177,SA2,3.0057013983474155e-4,3.0057627536513715e-4,3.0060244343856155e-4,3.0060870744846597e-4,3.0057013983474155e-4,3.856761372441654e-8
178,SA3,2.954025192996616e-4,2.954213291347971e-4,2.9545461554559806e-4,2.9547362899776336e-4,2.954025192996616e-4,7.110969810176452e-8
179,SA3,3.1998262364905293e-4,3.201243148114667e-4,3.2027858033523577e-4,3.204208532664705e-4,3.1998262364905293e-4,4.3822961741759366e-7
180,SA3,2.798804876028011e-4,2.7993615935911374e-4,2.7987398648180015e-4,2.79930894732273e-4,2.798804876028011e-4,5.04071294718739e-8
181,SA3,3.127719455764852e-4,3.127981203225523e-4,3.1267000573382837e-4,3.126958080773236e-4,3.127719455764852e-4,-7.613749916163736e-8
182,SA3,2.516021550284261e-4,2.5175724987459863e-4,2.5153133073474074e-4,2.5169028293705394e-4,2.516021550284261e-4,8.812790862783868e-8
183,SA3,2.994579818234473e-4,2.994605184222221e-4,2.9947096748265565e-4,2.9947349261898653e-4,2.994579818234473e-4,1.5510795539240216e-8
184,SA3,2.707074461309668e-4,2.7091098403893407e-4,2.711367495858075e-4,2.713450054112215e-4,2.707074461309668e-4,6.375592802546504e-7
185,SA3,3.090021183033282e-4,3.0900388293539393e-4,3.0898598850351235e-4,3.0898786044442934e-4,3.090021183033282e-4,-1.4257858898841964e-8
186,SA3,2.858129426451414e-4,2.8582195847930494e-4,2.8575488709508894e-4,2.8576445485658034e-4,2.858129426451414e-4,-4.848778856105917e-8
187,SA3,2.969215044545487e-4,2.969447427965779e-4,2.969723080282907e-4,2.9699510082492896e-4,2.969215044545487e-4,7.359637038028199e-8
188,SA3,2.274590852117018e-4,2.2747314281245008e-4,2.2743576391897564e-4,2.274499602984649e-4,2.274590852117018e-4,-9.12491323690548e-9
189,SA3,2.952995556962775e-4,2.9532815391097584e-4,2.95272969668938e-4,2.9530165915622557e-4,2.952995556962775e-4,2.103459948051261e-9
190,SA3,2.908194693849288e-4,2.912389087697693e-4,2.910290611670878e-4,2.9144604496171567e-4,2.908194693849288e-4,6.265755767868517e-7
191,SA3,2.9735181780741424e-4,2.9735634185936984e-4,2.9737228589317633e-4,2.973767225941177e-4,2.9735181780741424e-4,2.4904786703457225e-8
192,SA3,3.2064366292418913e-4,3.210331696333502e-4,3.205533863996315e-4,3.209395893399148e-4,3.2064366292418913e-4,2.95926415725691e-7
193,SA3,2.892061453648461e-4,2.895965533883006e-4,2.901227528173803e-4,2.9051734363278234e-4,2.892061453648461e-4,1.3111982679362365e-6
194,SA3,2.9814854365967395e-4,2.981658177108988e-4,2.9812416375468693e-4,2.981414861747535e-4,2.9814854365967395e-4,-7.0574849204713824e-9
195,SA3,3.3952489876244274e-4,3.397895338222735e-4,3.398376588337383e-4,3.401062799059268e-4,3.3952489876244274e-4,5.813811434840564e-7
196,SA3,2.4658266355551904e-4,2.4675898105387407e-4,2.4694415776962346e-4,2.471237577170758e-4,2.4658266355551904e-4,5.410941615567599e-7
197,SA3,3.023405247062259e-4,3.027786925571559e-4,3.0269546980947893e-4,3.0312520507406494e-4,3.023405247062259e-4,7.846803678390377e-7
198,SA3,2.8897528054116855e-4,2.8897952559269765e-4,2.8891743582397806e-4,2.889215216388175e-4,2.8897528054116855e-4,-5.375890235103037e-8
199,SA3,3.126134781251415e-4,3.1263054592806577e-4,3.1272001205623064e-4,3.1273728060227107e-4,3.126134781251415e-4,1.238024771295452e-7
200,SA3,2.742291633714893e-4,2.7423532382672477e-4,2.7419649773798433e-4,2.742027567086656e-4,2.742291633714893e-4,-2.6406662823725245e-8
201,SA3,2.7366270490026976e-4,2.7367915268921433e-4,2.737588606532226e-4,2.7377525126454305e-4,2.7366270490026976e-4,1.1254636427329712e-7
202,SA3,2.989645000544233e-4,2.9896907997521623e-4,2.9895834177338877e-4,2.989632664210158e-4,2.989645000544233e-4,-1.2336334075037543e-9
203,SA3,3.0262185440890467e-4,3.026275420013748e-4,3.026207535478799e-4,3.026266374374875e-4,3.0262185440890467e-4,4.783028582846117e-9
204,SA3,2.951198731498482e-4,2.9513098416833293e-4,2.9501194628390234e-4,2.95023223135441e-4,2.951198731498482e-4,-9.66500144072022e-8
205,SA3,3.0314500692448507e-4,3.0317459603758877e-4,3.030777244947199e-4,3.031074715286453e-4,3.0314500692448507e-4,-3.753539583979063e-8
206,SA3,3.047270771634097e-4,3.0476618426182703e-4,3.046811645418526e-4,3.0471974741149175e-4,3.047270771634097e-4,-7.329751917938866e-9
207,SA3,2.9768871582902263e-4,2.9779661508672826e-4,2.978436430854169e-4,2.9795060472828167e-4,2.9768871582902263e-4,2.6188889925903925e-7
208,SA3,2.9984968538873175e-4,3.001301427437188e-4,2.9977139178141666e-4,3.000545890546037e-4,2.9984968538873175e-4,2.0490366587196324e-7
209,SA3,2.961144463803017e-4,2.961523706612391e-4,2.9618015074953325e-4,2.962181250155745e-4,2.961144463803017e-4,1.036786352728099e-7
210,SA3,2.8683876703542333e-4,2.871750881696525e-4,2.8734481962169726e-4,2.8768110097767156e-4,2.8683876703542333e-4,8.423339422482332e-7
211,SA3,3.064312823996706e-4,3.068170293045263e-4,3.067456564538231e-4,3.071334248008747e-4,3.064312823996706e-4,7.02142401204104e-7
212,SA3,2.702939743756636e-4,2.703036206464664e-4,2.7032716759565616e-4,2.7033698947326323e-4,2.702939743756636e-4,4.3015097599629314e-8
213,SA3,2.834779245743447e-4,2.836271807392167e-4,2.8359757896417257e-4,2.8374607121579387e-4,2.834779245743447e-4,2.6814664144919186e-7
214,SA3,3.1955761638202825e-4,3.1983282636187057e-4,3.198743003602541e-4,3.20151037831533e-4,3.1955761638202825e-4,5.934214495047566e-7
215,SA3,3.065479204153206e-4,3.068924428720244e-4,3.07426563833267e-4,3.0777936507172615e-4,3.065479204153206e-4,1.2314446564055297e-6
216,SA3,3.022938488500312e-4,3.0232897349975746e-4,3.022405506023497e-4,3.0227683282808517e-4,3.022938488500312e-4,-1.70160219460278e-8
217,SA3,2.9426691699618195e-4,2.942721643333212e-4,2.942380114303749e-4,2.942432241080681e-4,2.9426691699618195e-4,-2.369288811383775e-8
218,SA3,3.1101279185813174e-4,3.1108744381453654e-4,3.1086352074368237e-4,3.109375337775776e-4,3.1101279185813174e-4,-7.525808055414878e-8
219,SA3,2.924868383511567e-4,2.925418609361317e-4,2.9245922243098743e-4,2.925139791661994e-4,2.924868383511567e-4,2.7140815042723133e-8
220,SA3,2.764823051633061e-4,2.766481544395831e-4,2.767689436629054e-4,2.7693777607093814e-4,2.764823051633061e-4,4.554709076320159e-7
221,SA3,3.2188476841745996e-4,3.2221162247972964e-4,3.2231781952115436e-4,3.2264262282022345e-4,3.2188476841745996e-4,7.578544027634845e-7
222,SA3,2.942633005886859e-4,2.9427832325971476e-4,2.9429739235130466e-4,2.9431241767639664e-4,2.942633005886859e-4,4.911708771074188e-8
223,SA3,3.1735877083310775e-4,3.1739423352389036e-4,3.172954408213688e-4,3.1733106574668567e-4,3.1735877083310775e-4,-2.7705086422073755e-8
224,SA3,2.8328929655687535e-4,2.833869989476952e-4,2.832041062094992e-4,2.8329923254114675e-4,2.8328929655687535e-4,9.935984271404377e-9
225,SA3,2.943963097872693e-4,2.9473784812177533e-4,2.9471017736900544e-4,2.950495386298252e-4,2.943963097872693e-4,6.532288425558893e-7
226,SA3,3.1310946705480255e-4,3.132120390487699e-4,3.1340110922940015e-4,3.1350214971899063e-4,3.1310946705480255e-4,3.926826641880831e-7
227,SA3,2.800802637804568e-4,2.802518311496421e-4,2.8028724500748077e-4,2.8045644070779084e-4,2.800802637804568e-4,3.761769273340687e-7
228,SA3,2.928118892266046e-4,2.930922720585861e-4,2.9321382517417396e-4,2.934926562102428e-4,2.928118892266046e-4,6.80766983638195e-7
229,SA3,3.084420448332247e-4,3.0846670812941835e-4,3.085189671542552e-4,3.0854338812518893e-4,3.084420448332247e-4,1.0134329196420959e-7
230,SA3,2.855814506214589e-4,2.8578643777367875e-4,2.8561943019670506e-4,2.858226829268259e-4,2.855814506214589e-4,2.41232305367e-7
231,SA3,3.0812379964900006e-4,3.0812929979907714e-4,3.081150112298288e-4,3.0812029578662864e-4,3.0812379964900006e-4,-3.50386237141535e-9
232,SA3,2.789979693680815e-4,2.790900868466541e-4,2.7911389982609183e-4,2.792063875239974e-4,2.789979693680815e-4,2.084181559159487e-7
233,SA3,3.136783291873536e-4,3.136885001740456e-4,3.136821357920176e-4,3.1369217322529757e-4,3.136783291873536e-4,1.3844037943962478e-8
234,SA3,2.9915014462450446e-4,2.9930236723624043e-4,2.9943314135336943e-4,2.995858339078603e-4,2.9915014462450446e-4,4.356892833558344e-7
235,SA3,2.9966219471965296e-4,2.9980822447856626e-4,2.9989272301207107e-4,3.000372615481461e-4,2.9966219471965296e-4,3.750668284931472e-7
236,SA3,3.10638622363277e-4,3.1071498940900754e-4,3.1075536459595e-4,3.1083191493678087e-4,3.10638622363277e-4,1.9329257350389267e-7
237,SA3,2.8037730887548346e-4,2.8038320355295714e-4,2.803648936294092e-4,2.803708626250277e-4,2.8037730887548346e-4,-6.446250455736241e-9
238,SA3,2.6693011735099467e-4,2.6695645445128357e-4,2.669379292929321e-4,2.6696431997390324e-4,2.6693011735099467e-4,3.420262290857075e-8
239,SA3,2.603586142460667e-4,2.603849814239249e-4,2.603204344379256e-4,2.603462648964951e-4,2.603586142460667e-4,-1.2349349571595669e-8
240,SA3,2.977761265609386e-4,2.978246131741661e-4,2.9781885115584555e-4,2.97866950046818e-4,2.977761265609386e-4,9.082348587937479e-8
241,SA3,2.837620894237234e-4,2.8389704763804175e-4,2.8366094041431866e-4,2.837946200678699e-4,2.837620894237234e-4,3.253064414653235e-8
242,SA3,2.831482862188205e-4,2.831511075396592e-4,2.83084805665051e-4,2.830876289240951e-4,2.831482862188205e-4,-6.065729472539859e-8
