study_area,lab_id,provenience,1630_cm1,H2Ome_pct,3570_cm1,H2Ot_pct,eht_c,RH_fraction,rate,H2Ome2_per_day,Ea_J_per_mol,date_bp,date_ad,sd
SA1,DHR-1616,26-166,0.0923000000000000,0.0817845100000000,0.1382000000000000,0.0948238865883885,22.3999999999999986,0.9800000000000000,0.0000260056048086,0.0000001192465056,84447.1567056697822409,327.5943806226351853,1681.4056193773649284,30.0000000000000000
SA1,DHR-1617,26-166,0.1011000000000000,0.0942250700000000,0.1377000000000000,0.0944309483975786,22.3999999999999986,0.9800000000000000,0.0000259683112919,0.0000001191595570,84456.4756278030254180,393.6031837077272826,1615.3968162922728879,30.0000000000000000
SA1,DHR-1618,26-166,0.1022000000000000,0.0957801400000000,0.1543000000000000,0.1075838389886125,22.3999999999999986,0.9800000000000000,0.0000272461954254,0.0000001221047482,84144.5416745460679522,383.3504031264037053,1625.6495968735962379,30.0000000000000000
SA1,DHR-1619,26-166,0.1204000000000000,0.1215094800000000,0.1331000000000000,0.0908257502588759,22.3999999999999986,0.9800000000000000,0.0000256286308364,0.0000001183647597,84541.9765068605047418,565.6236609952450181,1443.3763390047549819,30.0000000000000000
SA1,DHR-1620,26-166,0.1282000000000000,0.1325363400000000,0.1265000000000000,0.0856848417748210,22.3999999999999986,0.9800000000000000,0.0000251519273628,0.0000001172405626,84663.8982924683514284,653.4385919180267592,1355.5614080819732408,30.0000000000000000
SA1,DHR-1621,26-166,0.1004000000000000,0.0932354800000000,0.1259000000000000,0.0852193912051794,22.3999999999999986,0.9800000000000000,0.0000251092075360,0.0000001171393081,84674.9369181779620703,401.4527334460588008,1607.5472665539411992,30.0000000000000000
SA1,DHR-1622,26-166,0.0810000000000000,0.0658097000000000,0.1364000000000000,0.0934102831485723,22.3999999999999986,0.9800000000000000,0.0000258716902842,0.0000001189340024,84480.6817248484585434,253.5976555044614713,1755.4023444955385003,30.0000000000000000
SA1,DHR-1623,26-166,0.1367000000000000,0.1445527900000000,0.1335000000000000,0.0911385345992426,22.3999999999999986,0.9800000000000000,0.0000256579244006,0.0000001184335052,84534.5585134443535935,728.3087169581119724,1280.6912830418880276,30.0000000000000000
SA1,DHR-1624,26-166,0.0801000000000000,0.0645373700000000,0.1223000000000000,0.0824335176562864,22.3999999999999986,0.9800000000000000,0.0000248550279716,0.0000001165350919,84741.0066952635097550,258.1373075638089176,1750.8626924361910824,30.0000000000000000
SA1,DHR-1625,26-166,0.1300000000000000,0.1350810000000000,0.1259000000000000,0.0852193912051794,22.3999999999999986,0.9800000000000000,0.0000251092075360,0.0000001171393081,84674.9369181779620703,673.0598715931486140,1335.9401284068512723,30.0000000000000000
SA1,DHR-1626,26-134,0.0951000000000000,0.0857428700000000,0.1046000000000000,0.0689158167073104,22.3999999999999986,0.9800000000000000,0.0000236577512901,0.0000001136472538,85061.5924909694294911,382.2852767825546607,1626.7147232174452256,30.0000000000000000
SA1,DHR-1627,26-134,0.1227000000000000,0.1247609900000000,0.1448000000000000,0.1000298452949328,22.3999999999999986,0.9800000000000000,0.0000265047841486,0.0000001204044756,84323.6921889853692846,568.0216037823345232,1440.9783962176657042,30.0000000000000000
SA1,DHR-1628,26-134,0.1029000000000000,0.0967697300000000,0.1209000000000000,0.0813533253488843,22.3999999999999986,0.9800000000000000,0.0000247571662878,0.0000001163016530,84766.6245360258617438,427.6907088999320194,1581.3092911000680942,30.0000000000000000
SA1,DHR-1629,26-134,0.1156000000000000,0.1147237200000000,0.1336000000000000,0.0912167520336298,22.3999999999999986,0.9800000000000000,0.0000256652550230,0.0000001184507025,84532.7035087704280159,520.6790264912705197,1488.3209735087293666,30.0000000000000000
SA1,DHR-1630,26-134,0.1114000000000000,0.1087861800000000,0.1358000000000000,0.0929396837885691,22.3999999999999986,0.9800000000000000,0.0000258272622905,0.0000001188301496,84491.8424592702940572,480.4984694233153846,1528.5015305766848996,30.0000000000000000
SA1,DHR-1631,26-134,0.0903000000000000,0.0789571100000000,0.1439000000000000,0.0993178688127503,22.3999999999999986,0.9800000000000000,0.0000264359539335,0.0000001202454482,84340.5774232368130470,308.4469741663216951,1700.5530258336782481,30.0000000000000000
SA1,DHR-1632,26-134,0.1010000000000000,0.0940837000000000,0.1371000000000000,0.0939596969008973,22.3999999999999986,0.9800000000000000,0.0000259236556333,0.0000001190553631,84467.6518282983161043,393.5016011749549989,1615.4983988250451148,30.0000000000000000
SA1,DHR-1633,26-134,0.1349000000000000,0.1420081299999999,0.1536000000000000,0.1070248612093467,22.3999999999999986,0.9800000000000000,0.0000271906291985,0.0000001219781135,84157.7983915591321420,669.2750604325465247,1339.7249395674537027,30.0000000000000000
SA1,DHR-1634,26-134,0.1074000000000000,0.1031313800000000,0.1441000000000000,0.0994760298992375,22.3999999999999986,0.9800000000000000,0.0000264512286723,0.0000001202807570,84336.8264749096852029,436.0765294842161097,1572.9234705157839471,30.0000000000000000
SA1,DHR-1635,26-134,0.0902000000000000,0.0788157400000000,0.1361000000000000,0.0931749456920928,22.3999999999999986,0.9800000000000000,0.0000258494631761,0.0000001188820563,84486.2629879663290922,314.7469618453110343,1694.2530381546889657,30.0000000000000000
SA1,DHR-1636,26-134,0.1027000000000000,0.0964869900000000,0.1337000000000000,0.0912949779968085,22.3999999999999986,0.9800000000000000,0.0000256725885394,0.0000001184679042,84530.8483018276892835,410.8385869940079829,1598.1614130059920171,30.0000000000000000
SA1,DHR-1638,26-134,0.1306000000000000,0.1359292200000000,0.1433000000000000,0.0988435778125399,22.3999999999999986,0.9800000000000000,0.0000263902011513,0.0000001201396269,84351.8257085977966199,646.3141338783840411,1362.6858661216160726,30.0000000000000000
SA1,DHR-1639,26-134,0.1143000000000000,0.1128859100000000,0.1475000000000000,0.1021696306770645,22.3999999999999986,0.9800000000000000,0.0000267127281066,0.0000001208836863,84272.9450388627446955,489.0735962223375850,1519.9264037776624718,30.0000000000000000
SA1,DHR-1640,26-134,0.1162000000000000,0.1155719400000000,0.1163000000000000,0.0778170388587867,22.3999999999999986,0.9800000000000000,0.0000244394784269,0.0000001155406972,84850.4911064250190975,552.4847856475330445,1456.5152143524669555,30.0000000000000000
SA1,DHR-1641,26-151,0.1060000000000000,0.1011522000000000,0.1455000000000000,0.1005840508263052,22.3999999999999986,0.9800000000000000,0.0000265584858999,0.0000001205284088,84310.5486506033485057,423.0662863215380867,1585.9337136784620270,30.0000000000000000
SA1,DHR-1642,26-151,0.0988000000000000,0.0909735600000000,0.1316000000000000,0.0896540311207215,22.3999999999999986,0.9800000000000000,0.0000255191914274,0.0000001181075872,84569.7649979409616208,382.5136869155962245,1626.4863130844034913,30.0000000000000000
SA1,DHR-1644,26-151,0.1331000000000000,0.1394634700000000,0.1215000000000000,0.0818160430275853,22.3999999999999986,0.9800000000000000,0.0000247990396438,0.0000001164015930,84755.6507235577882966,714.3667760701381440,1294.6332239298615150,30.0000000000000000
SA1,DHR-1646,26-151,0.1061000000000000,0.1012935700000000,0.1544000000000000,0.1076637231553894,22.3999999999999986,0.9800000000000000,0.0000272541457280,0.0000001221228564,84142.6471416467829840,413.0457843858856108,1595.9542156141144460,30.0000000000000000
SA1,DHR-1647,26-151,0.1119000000000000,0.1094930299999999,0.1373000000000000,0.0941167474187416,22.3999999999999986,0.9800000000000000,0.0000259385291580,0.0000001190900769,84463.9272182171262102,482.7417130601555755,1526.2582869398443108,30.0000000000000000
SA1,DHR-1648,26-151,0.1128000000000000,0.1107653600000000,0.1441000000000000,0.0994760298992375,22.3999999999999986,0.9800000000000000,0.0000264512286723,0.0000001202807570,84336.8264749096852029,481.0302068627737526,1527.9697931372259063,30.0000000000000000
SA1,DHR-1649,26-151,0.0823000000000000,0.0676475100000000,0.1467000000000000,0.1015350205008771,22.3999999999999986,0.9800000000000000,0.0000266508872049,0.0000001207413650,84287.9954538011952536,254.1487624005286534,1754.8512375994716876,30.0000000000000000
SA1,DHR-1650,26-151,0.1174000000000000,0.1172683800000000,0.1305000000000000,0.0887960048018945,22.3999999999999986,0.9800000000000000,0.0000254393476722,0.0000001179196195,84590.1139501182624372,541.7890496868415084,1467.2109503131584916,30.0000000000000000
SA1,DHR-1652,26-151,0.1341000000000000,0.1408771700000000,0.1365000000000000,0.0934887457323866,22.3999999999999986,0.9800000000000000,0.0000258791051511,0.0000001189513266,84478.8209062107198406,694.8775815466095764,1314.1224184533903099,30.0000000000000000
SA1,DHR-1653,26-151,0.0906000000000000,0.0793812200000000,0.1169000000000000,0.0782771558368431,22.3999999999999986,0.9800000000000000,0.0000244805819333,0.0000001156394250,84839.5789721734327031,335.3008528297677344,1673.6991471702322087,30.0000000000000000
SA1,DHR-1654,26-151,0.1065000000000000,0.1018590500000000,0.1403000000000000,0.0964764815749289,22.3999999999999986,0.9800000000000000,0.0000261630387574,0.0000001196128834,84407.9637629689823370,433.5218896089484701,1575.4781103910515867,30.0000000000000000
SA1,DHR-1655,26-151,0.0974000000000000,0.0889943800000000,0.1537000000000000,0.1071046924997468,22.3999999999999986,0.9800000000000000,0.0000271985580347,0.0000001219961910,84155.9051126760023180,348.7964320721487752,1660.2035679278512816,30.0000000000000000
SA1,DHR-1656,26-151,0.1105000000000000,0.1075138500000000,0.1536000000000000,0.1070248612093467,22.3999999999999986,0.9800000000000000,0.0000271906291985,0.0000001219781135,84157.7983915591321420,449.0609581292956136,1559.9390418707043864,30.0000000000000000
SA1,DHR-1657,26-251,0.1385000000000000,0.1470974500000000,0.1368000000000000,0.0937241837053687,22.3999999999999986,0.9800000000000000,0.0000259013672559,0.0000001190033251,84473.2372592434694525,740.5883176156720538,1268.4116823843278326,30.0000000000000000
SA1,DHR-1658,26-251,0.1193000000000000,0.1199544100000000,0.1471000000000000,0.1018522627453034,22.3999999999999986,0.9800000000000000,0.0000266817836156,0.0000001208124906,84280.4717367323901271,533.4159891651853513,1475.5840108348147623,30.0000000000000000
SA1,DHR-1660,26-251,0.1072000000000000,0.1028486400000000,0.1271000000000000,0.0861506140455379,22.3999999999999986,0.9800000000000000,0.0000251947494732,0.0000001173419748,84652.8520372960192617,456.1204314509417372,1552.8795685490579217,30.0000000000000000
SA1,DHR-1662,26-251,0.0982000000000000,0.0901253400000000,0.1543000000000000,0.1075838389886125,22.3999999999999986,0.9800000000000000,0.0000272461954254,0.0000001221047482,84144.5416745460679522,353.9297817338188565,1655.0702182661812003,30.0000000000000000
SA1,DHR-1664,26-251,0.1181000000000000,0.1182579699999999,0.1409000000000000,0.0969493161513703,22.3999999999999986,0.9800000000000000,0.0000262082583016,0.0000001197179171,84396.7500181540963240,532.1837811394982509,1476.8162188605015217,30.0000000000000000
SA1,DHR-1666,26-251,0.1325000000000000,0.1386152500000000,0.1269000000000000,0.0859953209577524,22.3999999999999986,0.9800000000000000,0.0000251804640620,0.0000001173081532,84656.5349681659427006,697.2170948388004490,1311.7829051611995510,30.0000000000000000
SA1,DHR-1668,26-251,0.1218000000000000,0.1234886600000000,0.1483000000000000,0.1028047424390339,22.3999999999999986,0.9800000000000000,0.0000267747615527,0.0000001210262879,84257.8827283158752834,554.0755226081345199,1454.9244773918653664,30.0000000000000000
SA1,DHR-1670,26-251,0.1246000000000000,0.1274470200000000,0.1379000000000000,0.0945880987758426,22.3999999999999986,0.9800000000000000,0.0000259832199138,0.0000001191943233,84452.7486494321201462,597.5071623717038847,1411.4928376282960016,30.0000000000000000
SA1,DHR-1673,26-237/240,0.0956000000000000,0.0864497200000000,0.1330000000000000,0.0907475755504631,22.3999999999999986,0.9800000000000000,0.0000256213146729,0.0000001183475843,84543.8304982452100376,356.7092523037817955,1652.2907476962182045,30.0000000000000000
SA1,DHR-1675,26-237/240,0.0970000000000000,0.0884289000000000,0.1257000000000000,0.0850643127304014,22.3999999999999986,0.9800000000000000,0.0000250949902967,0.0000001171055916,84678.6147592858033022,374.9353910378787305,1634.0646089621213832,30.0000000000000000
SA1,DHR-1677,26-237/240,0.0729000000000000,0.0543587300000000,0.1225000000000000,0.0825879784188468,22.3999999999999986,0.9800000000000000,0.0000248690531586,0.0000001165685105,84737.3435038186289603,213.6957111361277271,1795.3042888638722161,30.0000000000000000
SA1,DHR-1678,26-237/240,0.0861000000000000,0.0730195699999999,0.1434000000000000,0.0989226062577676,22.3999999999999986,0.9800000000000000,0.0000263978191789,0.0000001201572528,84349.9514699907740578,280.8266072948363785,1728.1733927051636783,30.0000000000000000
SA1,DHR-1682,26-237/240,0.1254000000000000,0.1285779800000000,0.1117000000000000,0.0743010734328420,22.3999999999999986,0.9800000000000000,0.0000241276577892,0.0000001147890503,84933.8757424667128362,651.7483021916865482,1357.2516978083135655,30.0000000000000000
SA1,DHR-1683,26-237/240,0.1081000000000000,0.1041209700000000,0.1562000000000000,0.1091029229711214,22.3999999999999986,0.9800000000000000,0.0000273977770879,0.0000001224495564,84108.5150788168830331,426.5167193130469059,1582.4832806869530941,30.0000000000000000
SA1,DHR-1685,26-237/240,0.1097000000000000,0.1063828900000000,0.1248000000000000,0.0843669050433656,22.3999999999999986,0.9800000000000000,0.0000250311529957,0.0000001169540841,84695.1544799915427575,480.7645098125407799,1528.2354901874591633,30.0000000000000000
SA1,DHR-1686,26-237/240,0.1044000000000000,0.0988902800000000,0.1239000000000000,0.0836702296018469,22.3999999999999986,0.9800000000000000,0.0000249675448563,0.0000001168029314,84711.6768347625911701,436.5411201922002533,1572.4588798077998035,30.0000000000000000
SA1,DHR-1687,26-251,0.1013000000000000,0.0945078100000000,0.1417000000000000,0.0975802184608508,22.3999999999999986,0.9800000000000000,0.0000262687163948,0.0000001198582070,84381.7875389824621379,390.6429932004415946,1618.3570067995583486,30.0000000000000000
SA1,DHR-1688,26-251,0.1036000000000000,0.0977593200000000,0.1135000000000000,0.0756744215444507,22.3999999999999986,0.9800000000000000,0.0000242489796698,0.0000001150820624,84901.3054186518129427,442.6149118903352928,1566.3850881096645935,30.0000000000000000
SA1,DHR-1690,26-251,0.1323000000000000,0.1383325100000000,0.1096000000000000,0.0727029070056710,22.3999999999999986,0.9800000000000000,0.0000239872393753,0.0000001144490109,84971.7778574535041116,729.6917217584659738,1279.3082782415340262,30.0000000000000000
SA1,DHR-1693,26-251,0.1116000000000000,0.1090689200000000,0.1284000000000000,0.0871608847438900,22.3999999999999986,0.9800000000000000,0.0000252878823425,0.0000001175622417,84628.8924574139091419,492.5109912847378268,1516.4890087152618889,30.0000000000000000
SA1,DHR-1694,26-251,0.1237000000000000,0.1261746900000000,0.1578000000000000,0.1103842423421368,22.3999999999999986,0.9800000000000000,0.0000275262888891,0.0000001227411527,84078.1273086138826329,555.8936790080920218,1453.1063209919079782,30.0000000000000000
SA1,DHR-1696,26-251,0.1021000000000000,0.0956387699999999,0.1484000000000000,0.1028841665616013,22.3999999999999986,0.9800000000000000,0.0000267825292940,0.0000001210441329,84255.9991058250598144,389.2242545719028044,1619.7757454280972524,30.0000000000000000
SA1,DHR-1697,26-251,0.1044000000000000,0.0988902800000000,0.1466000000000000,0.1014557296126880,22.3999999999999986,0.9800000000000000,0.0000266431706083,0.0000001207235946,84289.8759165054943878,409.0864469645080703,1599.9135530354919865,30.0000000000000000
SA1,DHR-1698,26-251,0.1081000000000000,0.1041209700000000,0.1496000000000000,0.1038378628900998,22.3999999999999986,0.9800000000000000,0.0000268759777193,0.0000001212586140,84233.3812436983862426,434.7975773030522078,1574.2024226969479059,30.0000000000000000
SA1,DHR-1699,26-251,0.0950000000000000,0.0856015000000000,0.1234000000000000,0.0832835057615521,22.3999999999999986,0.9800000000000000,0.0000249323058339,0.0000001167191110,84720.8483773590269266,361.9801577966529180,1647.0198422033470251,30.0000000000000000
SA1,DHR-1700,26-251,0.1092000000000000,0.1056760400000000,0.1213000000000000,0.0816617667343655,22.3999999999999986,0.9800000000000000,0.0000247850706399,0.0000001163682621,84759.3095401277823839,481.1218887877760153,1527.8781112122239847,30.0000000000000000
SA1,DHR-1701,26-251,0.1220000000000000,0.1237714000000000,0.1489000000000000,0.1032814040341555,22.3999999999999986,0.9800000000000000,0.0000268214132639,0.0000001211334233,84246.5782219259708654,554.9297441403645053,1454.0702558596353811,30.0000000000000000
SA1,DHR-1702,26-286,0.1228000000000000,0.1249023600000000,0.1471000000000000,0.1018522627453034,22.3999999999999986,0.9800000000000000,0.0000266817836156,0.0000001208124906,84280.4717367323901271,565.1736112270396006,1443.8263887729603994,30.0000000000000000
SA1,DHR-1705,26-286,0.1113000000000000,0.1086448100000000,0.1256000000000000,0.0849867869669827,22.3999999999999986,0.9800000000000000,0.0000250878859307,0.0000001170887399,84680.4533602910378249,493.7717763152206203,1515.2282236847790955,30.0000000000000000
SA1,DHR-1706,26-286,0.1090000000000000,0.1053933000000000,0.2331000000000000,0.1725932457966363,22.3999999999999986,0.9800000000000000,0.0000345476937978,0.0000001377660499,82602.7785826869803714,343.9013923627720146,1665.0986076372280422,30.0000000000000000
SA1,DHR-1707,26-286,0.1007000000000000,0.0936595899999999,0.1468000000000000,0.1016143192628128,22.3999999999999986,0.9800000000000000,0.0000266586068031,0.0000001207591398,84286.1148043631255860,380.3833439198451742,1628.6166560801548258,30.0000000000000000
SA1,DHR-1709,26-286,0.0986000000000000,0.0906908200000000,0.1499000000000000,0.1040764614930514,22.3999999999999986,0.9800000000000000,0.0000268994078728,0.0000001213123330,84227.7226392307929927,361.4191080333791888,1647.5808919666208112,30.0000000000000000
SA1,DHR-1731,26-205,0.0814000000000000,0.0663751800000000,0.1258000000000000,0.0851418474785010,22.3999999999999986,0.9800000000000000,0.0000251020974983,0.0000001171224476,84676.7759451998717850,263.9604120912849794,1745.0395879087150206,30.0000000000000000
SA1,DHR-1732,26-196,0.0893000000000000,0.0775434100000000,0.1389000000000000,0.0953743479110270,22.3999999999999986,0.9800000000000000,0.0000260579388314,0.0000001193684172,84434.1019649420777569,306.0291933145509233,1702.9708066854491335,30.0000000000000000
SA1,DHR-1734,26-196,0.1008000000000000,0.0938009600000000,0.0834000000000000,0.0531648343752721,22.3999999999999986,0.9800000000000000,0.0000223352284479,0.0000001103724617,85435.1427879560505971,454.9154276033966084,1554.0845723966031073,30.0000000000000000
SA1,DHR-1735,26-196,0.1182000000000000,0.1183993399999999,0.0885000000000000,0.0569058117889930,22.3999999999999986,0.9800000000000000,0.0000226424837762,0.0000001111416018,85346.4217676122352714,617.0365467905003243,1391.9634532094996757,30.0000000000000000
SA1,DHR-1736,26-196,0.0948000000000000,0.0853187600000000,0.1226000000000000,0.0826652225805566,22.3999999999999986,0.9800000000000000,0.0000248760699716,0.0000001165852263,84735.5115812795120291,361.2725004502137267,1647.7274995497862164,30.0000000000000000
SA1,DHR-1737,26-196,0.0887000000000000,0.0766951900000000,0.0900000000000000,0.0580121730165507,22.3999999999999986,0.9800000000000000,0.0000227341590994,0.0000001113700935,85320.1833047394757159,346.0734996005626840,1662.9265003994373728,30.0000000000000000
SA1,DHR-1738,26-196,0.0971000000000000,0.0885702700000000,0.1557000000000000,0.1087029016816462,22.3999999999999986,0.9800000000000000,0.0000273577793936,0.0000001223586635,84118.0019837180734612,344.6335999841833768,1664.3664000158169074,30.0000000000000000
SA1,DHR-1741,26-196,0.0874000000000000,0.0748573800000000,0.1129000000000000,0.0752162837706336,22.3999999999999986,0.9800000000000000,0.0000242084400179,0.0000001149842329,84912.1706140956521267,315.5411911857424911,1693.4588088142575089,30.0000000000000000
SA1,DHR-1742,26-196,0.1157000000000000,0.1148650900000000,0.1316000000000000,0.0896540311207215,22.3999999999999986,0.9800000000000000,0.0000255191914274,0.0000001181075872,84569.7649979409616208,524.5656014644109746,1484.4343985355890254,30.0000000000000000
SA1,DHR-1743,26-196,0.0833000000000000,0.0690612099999999,0.1420000000000000,0.0978169407851331,22.3999999999999986,0.9800000000000000,0.0000262914369816,0.0000001199108879,84376.1734323397831758,263.9220520675807506,1745.0779479324191925,30.0000000000000000
SA1,DHR-1744,26-196,0.1100000000000000,0.1068070000000000,0.1296000000000000,0.0880947660750637,22.3999999999999986,0.9800000000000000,0.0000253742793540,0.0000001177662213,84606.7445277637889376,476.8608334121389021,1532.1391665878611548,30.0000000000000000
SA1,DHR-1745,26-196,0.0765000000000000,0.0594480499999999,0.1172000000000000,0.0785073434727661,22.3999999999999986,0.9800000000000000,0.0000245011711594,0.0000001156888483,84834.1198421998851700,238.8559290463192895,1770.1440709536807390,30.0000000000000000
SA1,DHR-1751,Garden 5,0.1197000000000000,0.1205198899999999,0.0886000000000000,0.0569794847599855,22.3999999999999986,0.9800000000000000,0.0000226485769617,0.0000001111568025,85344.6745394321769709,632.6265011799673630,1376.3734988200326370,30.0000000000000000
SA1,DHR-1753,Garden 5,0.0937000000000000,0.0837636900000000,0.1316000000000000,0.0896540311207215,22.3999999999999986,0.9800000000000000,0.0000255191914274,0.0000001181075872,84569.7649979409616208,344.0426404173965693,1664.9573595826034307,30.0000000000000000
SA1,DHR-1754,Garden 5,0.1063000000000000,0.1015763100000000,0.0934000000000000,0.0605298231201541,22.3999999999999986,0.9800000000000000,0.0000229441624294,0.0000001118918045,85260.4747148824244505,492.4864890919593563,1516.5135109080406437,30.0000000000000000
SA1,DHR-1755,Garden 5,0.1200000000000000,0.1209440000000000,0.1250000000000000,0.0845218214076174,22.3999999999999986,0.9800000000000000,0.0000250453192404,0.0000001169877218,84691.4804834969399963,574.9577340882624412,1434.0422659117375588,30.0000000000000000
SA1,DHR-1756,Garden 5,0.1310000000000000,0.1364947000000000,0.1318000000000000,0.0898101484378449,22.3999999999999986,0.9800000000000000,0.0000255337458685,0.0000001181418201,84566.0625196480687009,672.0909688842576770,1336.9090311157424367,30.0000000000000000
SA1,DHR-1757,Garden 13,0.1230000000000000,0.1251851000000000,0.1073000000000000,0.0709576481949750,22.3999999999999986,0.9800000000000000,0.0000238348304261,0.0000001140788255,85013.1684154079703148,634.7433453295850541,1374.2566546704149459,30.0000000000000000
SA1,DHR-1709,26-286,0.0986000000000000,0.0906908200000000,0.1499000000000000,0.1040764614930514,22.3999999999999986,0.9800000000000000,0.0000268994078728,0.0000001213123330,84227.7226392307929927,454.0111651952342413,1554.9888348047657018,30.0000000000000000
SA1,DHR-1710,26-286,0.1194000000000000,0.1101761686507390,0.2866000000000000,0.2186901104710818,22.3999999999999986,0.9800000000000000,0.0000273389058138,0.0000001223157515,84122.4833557887468487,521.4678340497006275,1487.5321659502992588,30.0000000000000000
SA1,DHR-1711,26-286,0.1066000000000000,0.1007191527628577,0.2871000000000000,0.2191272672507571,22.3999999999999986,0.9800000000000000,0.0000283448749994,0.0000001245830412,83887.8331568049761700,400.9035143117146163,1608.0964856882853837,30.0000000000000000
SA1,DHR-1713,26-286,0.1067000000000000,0.1007897947441466,0.2741000000000000,0.2077977319392993,22.3999999999999986,0.9800000000000000,0.0000271889486039,0.0000001219742815,84158.1997614797583083,418.7322638268383912,1590.2677361731616656,30.0000000000000000
SA1,DHR-1714,26-286,0.1059000000000000,0.1002260432841097,0.2927000000000000,0.2240309630042205,22.3999999999999986,0.9800000000000000,0.0000289090996520,0.0000001258374055,83759.8425239178468473,387.9335619233388570,1621.0664380766611430,30.0000000000000000
SA1,DHR-1715,26-286,0.1105000000000000,0.1035112236505565,0.2977000000000000,0.2284208347384632,22.3999999999999986,0.9800000000000000,0.0000290259703502,0.0000001260957189,83733.6436634392011911,420.6663843685746542,1588.3336156314251184,30.0000000000000000
SA1,DHR-1716,26-205,0.1110000000000000,0.1038747345704923,0.2798000000000000,0.2127558762695705,22.3999999999999986,0.9800000000000000,0.0000273755942018,0.0000001223991549,84113.7748434646637179,450.0724225086093497,1558.9275774913905934,30.0000000000000000
SA1,DHR-1717,26-205,0.1112000000000000,0.1040204961297085,0.2752000000000000,0.2087534071778833,22.3999999999999986,0.9800000000000000,0.0000269639760484,0.0000001214602512,84212.1542815814900678,458.5911209018433965,1550.4088790981566035,30.0000000000000000
SA1,DHR-1718,26-205,0.1001000000000000,0.0962320563152257,0.2803000000000000,0.2131915079482442,22.3999999999999986,0.9800000000000000,0.0000281953040598,0.0000001242484665,83922.1896450713393278,355.3786821651311243,1653.6213178348689326,30.0000000000000000
SA1,DHR-1720,26-205,0.1035000000000000,0.0985536379709742,0.2698000000000000,0.2040672874735931,22.3999999999999986,0.9800000000000000,0.0000270409710536,0.0000001216364104,84193.6382883958867751,396.1488653192656670,1612.8511346807345035,30.0000000000000000
SA1,DHR-1721,26-205,0.1154000000000000,0.1071291823462325,0.2940000000000000,0.2251712864843787,22.3999999999999986,0.9800000000000000,0.0000283070105713,0.0000001244984247,83896.5134582597238477,470.4544821662009895,1538.5455178337990674,30.0000000000000000
SA1,DHR-1722,26-205,0.1075000000000000,0.1013567171934621,0.2999000000000000,0.2303557941841877,22.3999999999999986,0.9800000000000000,0.0000294627418669,0.0000001270565945,83636.6578900879540015,392.2326731231762551,1616.7673268768235175,30.0000000000000000
SA1,DHR-1723,26-205,0.1130000000000000,0.1053415889435894,0.2544000000000000,0.1907789172705137,22.3999999999999986,0.9800000000000000,0.0000251292011266,0.0000001171867074,84669.7683213986601913,508.1339408958614854,1500.8660591041384578,30.0000000000000000
SA1,DHR-1724,26-205,0.1188000000000000,0.1097136552760809,0.2848000000000000,0.2171172670127251,22.3999999999999986,0.9800000000000000,0.0000272282672072,0.0000001220639039,84148.8159440537419869,518.3377955204811087,1490.6622044795190050,30.0000000000000000
SA1,DHR-1725,26-205,0.0887000000000000,0.0888397076163203,0.2640000000000000,0.1990492511466116,22.3999999999999986,0.9800000000000000,0.0000275087317883,0.0000001227013547,84082.2704656356072519,286.0070053588211749,1722.9929946411789388,30.0000000000000000
SA1,DHR-1726,26-205,0.1059000000000000,0.1002260432841097,0.2896000000000000,0.2213147116086971,22.3999999999999986,0.9800000000000000,0.0000286237312548,0.0000001252045041,83824.2611420140892733,391.8011212504760010,1617.1988787495240558,30.0000000000000000
SA1,DHR-1727,26-205,0.1175000000000000,0.1087181928767680,0.2927000000000000,0.2240309630042205,22.3999999999999986,0.9800000000000000,0.0000280262464018,0.0000001238692494,83961.2423436573299114,492.6185905200318302,1516.3814094799681698,30.0000000000000000
SA1,DHR-1590,26-233,0.1392000000000000,0.1265837770196466,0.3229000000000000,0.2507064244730249,22.3999999999999986,0.9800000000000000,0.0000289426653297,0.0000001259116465,83752.3072929956833832,669.4836076521941095,1339.5163923478057768,30.0000000000000000
SA1,DHR-1591,26-233,0.1255000000000000,0.1149905036381826,0.2782000000000000,0.2113626176941962,22.3999999999999986,0.9800000000000000,0.0000261530680837,0.0000001195897120,84410.4389430475857807,602.2333574635761124,1406.7666425364238876,30.0000000000000000
SA1,DHR-1592,26-233,0.2101000000000000,0.2080972519524932,0.4651000000000000,0.3808282064945571,22.3999999999999986,0.9800000000000000,0.0000345650735479,0.0000001378012716,82599.5126820804143790,731.9302452135116255,1277.0697547864883745,30.0000000000000000
SA1,DHR-1594,26-233,0.1483000000000000,0.1349233970181625,0.5196000000000000,0.4323763224711245,22.3999999999999986,0.9800000000000000,0.0000545082711145,0.0000001737009902,79641.6064199575484963,403.4780327891896263,1605.5219672108103168,30.0000000000000000
SA1,DHR-1596,26-233,0.1409000000000000,0.1281015831966082,0.3123000000000000,0.2413002533621939,22.3999999999999986,0.9800000000000000,0.0000278106861689,0.0000001233840862,84011.3803383529739222,713.8554539586378951,1295.1445460413619912,30.0000000000000000
SA1,DHR-1598,26-233,0.1333000000000000,0.1214542547651075,0.2912000000000000,0.2227161217713064,22.3999999999999986,0.9800000000000000,0.0000266243132894,0.0000001206801577,84294.4735620809951797,667.3933636085038188,1341.6066363914960675,30.0000000000000000
SA1,DHR-1599,26-233,0.1325000000000000,0.1207749199810122,0.2955000000000000,0.2264879571565305,22.3999999999999986,0.9800000000000000,0.0000270606695216,0.0000001216814395,84188.9096103454066906,648.7736745022804143,1360.2263254977196993,30.0000000000000000
SA1,DHR-1600,26-233,0.1031000000000000,0.0982776295387042,0.1864000000000000,0.1335929424281944,22.3999999999999986,0.9800000000000000,0.0000209256417407,0.0000001067752754,85858.4620395128440578,507.9705622284027982,1501.0294377715972587,30.0000000000000000
SA1,DHR-1601,26-233,0.1006000000000000,0.0965700042409169,0.2656000000000000,0.2004319482111239,22.3999999999999986,0.9800000000000000,0.0000268783415320,0.0000001212640346,84232.8101368025672855,376.5247192784422055,1632.4752807215575103,30.0000000000000000
SA1,DHR-1602,26-233,0.1133000000000000,0.1055633965805625,0.2487000000000000,0.1858897674224927,22.3999999999999986,0.9800000000000000,0.0000246644850811,0.0000001160801529,84790.9797891127818730,520.4604903695784515,1488.5395096304214348,30.0000000000000000
SA1,DHR-1603,26-233,0.1254000000000000,0.1149099086034667,0.2880000000000000,0.2199144288529098,22.3999999999999986,0.9800000000000000,0.0000269907367539,0.0000001215215058,84205.7127977642085170,582.6132181338532519,1426.3867818661467481,30.0000000000000000
SA1,DHR-1604,26-233,0.1308000000000000,0.1193439234625080,0.3068000000000000,0.2364378908425924,22.3999999999999986,0.9800000000000000,0.0000282091591807,0.0000001242794956,83918.9994696139183361,606.4923768344592645,1402.5076231655407355,30.0000000000000000
SA1,DHR-1605,26-233,0.1198000000000000,0.1104855936106769,0.2624000000000000,0.1976677742526520,22.3999999999999986,0.9800000000000000,0.0000252898492278,0.0000001175668892,84628.3874038949143142,567.5019993480580069,1441.4980006519419931,30.0000000000000000
SA1,DHR-1606,26-233,0.1284000000000000,0.1173525108001987,0.2579000000000000,0.1937889671488067,22.3999999999999986,0.9800000000000000,0.0000243165609611,0.0000001152449697,84883.2330012364109280,677.9971899131198825,1331.0028100868798902,30.0000000000000000
SA1,DHR-1607,26-233,0.1119000000000000,0.1045322742159712,0.2443000000000000,0.1821268157188265,22.3999999999999986,0.9800000000000000,0.0000244196268929,0.0000001154929859,84855.7678537182800937,512.7682767200299168,1496.2317232799700832,30.0000000000000000
SA1,DHR-1608,26-233,0.1301000000000000,0.1187596292317087,0.2916000000000000,0.2230666498476557,22.3999999999999986,0.9800000000000000,0.0000269220679622,0.0000001213642645,84222.2546990722039482,628.7039325426923142,1380.2960674573077995,30.0000000000000000
SA1,DHR-1609,26-233,0.1216000000000000,0.1118887951833210,0.2953000000000000,0.2263123447016002,22.3999999999999986,0.9800000000000000,0.0000279353758501,0.0000001236649508,83982.3310996244981652,529.3130860081332685,1479.6869139918667315,30.0000000000000000
SA1,DHR-1610,26-233,0.1175000000000000,0.1087181928767680,0.2688000000000000,0.2032009777914806,22.3999999999999986,0.9800000000000000,0.0000259732279992,0.0000001191710237,84455.2462729626713553,531.5569555083260411,1477.4430444916738452,30.0000000000000000
SA1,DHR-1611,26-233,0.1365000000000000,0.1242100206608687,0.3023000000000000,0.2324690180559201,22.3999999999999986,0.9800000000000000,0.0000273134622346,0.0000001222578785,84128.5296177789568901,682.1636100164899972,1326.8363899835098891,30.0000000000000000
SA1,DHR-1612,26-233,0.1207000000000000,0.1111849807942272,0.2825000000000000,0.2151096299698024,22.3999999999999986,0.9800000000000000,0.0000268844976866,0.0000001212781506,84231.3230201520636911,541.8918430176483980,1467.1081569823516020,30.0000000000000000
SA1,DHR-1613,26-233,0.1280000000000000,0.1170238544137298,0.2629000000000000,0.1980993543265156,22.3999999999999986,0.9800000000000000,0.0000247320586214,0.0000001162416881,84773.2134440683730645,662.4600180202738784,1346.5399819797262353,30.0000000000000000
SA1,DHR-1614,26-233,0.1023000000000000,0.0977279294695449,0.4220000000000000,0.3406771906224299,22.3999999999999986,0.9800000000000000,0.0000446696611298,0.0000001569864684,80934.2153224981739186,234.2818310081583491,1774.7181689918415941,30.0000000000000000
SA1,DHR-1615,26-233,0.1116000000000000,0.1043126331520956,0.2728000000000000,0.2066690177852373,22.3999999999999986,0.9800000000000000,0.0000267309540450,0.0000001209256007,84268.5159820404078346,465.9227642626124748,1543.0772357373875820,30.0000000000000000
SA2,RBC-39,TU 46,0.1270000000000000,0.1308399000000000,0.1334000000000000,0.0910603256991046,21.8000000000000007,0.9800000000000000,0.0000239175309066,0.0000001184163123,84536.4133157200412825,715.7544605623587586,1293.2455394376411277,30.0000000000000000
SA2,RBC-11,TU 12,0.1193000000000000,0.1199544100000000,0.1134000000000000,0.0755980406967972,21.8000000000000007,0.9800000000000000,0.0000225974484216,0.0000001150657465,84903.1168668347527273,636.7559828000211155,1372.2440171999787708,30.0000000000000000
SA2,RBC-78,TU 32,0.1205000000000000,0.1216508500000000,0.1234000000000000,0.0832835057615521,21.8000000000000007,0.9800000000000000,0.0000232442230512,0.0000001167191110,84720.8483773590269266,636.6712827153007765,1372.3287172846992235,30.0000000000000000
SA2,RBC-25,TU 4,0.1186000000000000,0.1189648200000000,0.1425000000000000,0.0982116398447915,21.8000000000000007,0.9800000000000000,0.0000245538834643,0.0000001199987769,84366.8127494409272913,576.3906315750731437,1432.6093684249267426,30.0000000000000000
SA2,RBC-22,TU 4,0.1240000000000000,0.1265988000000000,0.1573000000000000,0.1099836258166296,21.8000000000000007,0.9800000000000000,0.0000256384870358,0.0000001226499078,84087.6283301328076050,625.1248811612762211,1383.8751188387236652,30.0000000000000000
SA2,RBC-55,TU 2,0.1152000000000000,0.1141582400000000,0.1360000000000000,0.0930965166557835,21.8000000000000007,0.9800000000000000,0.0000240970210315,0.0000001188647497,84488.1230109914322384,540.8180431452598214,1468.1819568547402923,30.0000000000000000
SA2,RBC-8,TU 12,0.1292000000000000,0.1339500400000000,0.1411000000000000,0.0971069929283207,21.8000000000000007,0.9800000000000000,0.0000244544930723,0.0000001197529633,84393.0105557119532023,733.7143797232065481,1275.2856202767936793,30.0000000000000000
SA2,RBC-48,TU 2,0.1250000000000000,0.1280125000000000,0.1276000000000000,0.0865390024116431,21.8000000000000007,0.9800000000000000,0.0000235237423230,0.0000001174266053,84643.6410188054724131,696.6238590468429948,1312.3761409531571189,30.0000000000000000
SA2,RBC-75,TU 51,0.1210000000000000,0.1223576999999999,0.1153000000000000,0.0770509461102196,21.8000000000000007,0.9800000000000000,0.0000227183235345,0.0000001153765028,84868.6597620500251651,659.0013883101723877,1349.9986116898276123,30.0000000000000000
SA2,RBC-12,TU 12,0.1250000000000000,0.1280125000000000,0.1489000000000000,0.1032814040341555,21.8000000000000007,0.9800000000000000,0.0000250152410493,0.0000001211334233,84246.5782219259708654,655.0886367204050202,1353.9113632795949798,30.0000000000000000
SA2,RBC-16,TU 12,0.1250000000000000,0.1280125000000000,0.1555000000000000,0.1085429455198491,21.8000000000000007,0.9800000000000000,0.0000255032196742,0.0000001223223371,84121.7955040512606502,642.5541702422567596,1366.4458297577432404,30.0000000000000000
SA2,RBC-9,TU 12,0.1187000000000000,0.1191061900000000,0.1214000000000000,0.0817389002530406,21.8000000000000007,0.9800000000000000,0.0000231127663177,0.0000001163849253,84757.4802415988961002,613.7856585978385056,1395.2143414021616081,30.0000000000000000
SA2,RBC-5,TU 28,0.1258000000000000,0.1291434600000000,0.1671000000000000,0.1178689015509943,21.8000000000000007,0.9800000000000000,0.0000263916566147,0.0000001244584026,83900.6211308166239178,631.9434018195329372,1377.0565981804670628,30.0000000000000000
SA2,RBC-41,TU 46,0.1197000000000000,0.1205198899999999,0.1312000000000000,0.0893419002042947,21.8000000000000007,0.9800000000000000,0.0000237670924665,0.0000001180391741,84577.1674947549472563,611.1409675407414852,1397.8590324592582874,30.0000000000000000
SA2,RBC-37,TU 24,0.1193000000000000,0.1199544100000000,0.1324000000000000,0.0902787072875624,21.8000000000000007,0.9800000000000000,0.0000238489869352,0.0000001182446235,84554.9501779681741027,603.3405325586376193,1405.6594674413624944,30.0000000000000000
SA2,RBC-54,TU 2,0.1178000000000000,0.1178338600000000,0.1249000000000000,0.0844443587085800,21.8000000000000007,0.9800000000000000,0.0000233435116410,0.0000001169709007,84693.3175888673140435,594.8041912473860293,1414.1958087526140844,30.0000000000000000
SA2,RBC-18,TU 4,0.1167000000000000,0.1162787899999999,0.1376000000000000,0.0943523856729152,21.8000000000000007,0.9800000000000000,0.0000242083967754,0.0000001191421804,84458.3388213811413152,558.5151767506414444,1450.4848232493588966,30.0000000000000000
SA2,RBC-71,TU 30,0.1168000000000000,0.1164201600000000,0.1425000000000000,0.0982116398447915,21.8000000000000007,0.9800000000000000,0.0000245538834643,0.0000001199987769,84366.8127494409272913,551.9963338634028105,1457.0036661365970758,30.0000000000000000
SA2,RBC-47,TU 46,0.1148000000000000,0.1135927599999999,0.1280000000000000,0.0868498728050985,21.8000000000000007,0.9800000000000000,0.0000235506090559,0.0000001174943885,84636.2684165542887058,547.8973003958096797,1461.1026996041903203,30.0000000000000000
SA2,RBC-70,TU 30,0.0911000000000000,0.0800880700000000,0.1311000000000000,0.0892638891158649,21.8000000000000007,0.9800000000000000,0.0000237602855349,0.0000001180220817,84579.0176057281496469,269.9504156592944923,1739.0495843407056782,30.0000000000000000
SA2,RBC-52,TU 2,0.1145000000000000,0.1131686500000000,0.1318000000000000,0.0898101484378449,21.8000000000000007,0.9800000000000000,0.0000238079909116,0.0000001181418201,84566.0625196480687009,537.9346535529379025,1471.0653464470619838,30.0000000000000000
SA2,RBC-32,TU 24,0.1159000000000000,0.1151478300000000,0.1489000000000000,0.1032814040341555,21.8000000000000007,0.9800000000000000,0.0000250152410493,0.0000001211334233,84246.5782219259708654,530.0377768718019524,1478.9622231281980476,30.0000000000000000
SA2,RBC-59,TU 29,0.1135000000000000,0.1117549500000000,0.1439000000000000,0.0993178688127503,21.8000000000000007,0.9800000000000000,0.0000246538210225,0.0000001202454482,84340.5774232368130470,506.5814681671291737,1502.4185318328707126,30.0000000000000000
SA2,RBC-53,TU 2,0.1086000000000000,0.1048278200000000,0.1227000000000000,0.0827424759206819,21.8000000000000007,0.9800000000000000,0.0000231980927657,0.0000001166019466,84733.6794410651054932,473.6972111000048926,1535.3027888999949937,30.0000000000000000
SA2,RBC-27,TU 4,0.1118000000000000,0.1093516599999999,0.1478000000000000,0.1024077389329359,21.8000000000000007,0.9800000000000000,0.0000249351222440,0.0000001209371290,84267.2980634664854733,479.5559222752088999,1529.4440777247909864,30.0000000000000000
SA2,RBC-57,TU 2,0.1098000000000000,0.1065242599999999,0.1380000000000000,0.0946666864191439,21.8000000000000007,0.9800000000000000,0.0000242363507302,0.0000001192117130,84450.8848648835846689,468.1982900338105082,1540.8017099661894918,30.0000000000000000
SA2,RBC-14,TU 12,0.1064000000000000,0.1017176800000000,0.1379000000000000,0.0945880987758426,21.8000000000000007,0.9800000000000000,0.0000242293581086,0.0000001191943233,84452.7486494321201462,427.0227208749744818,1581.9772791250256887,30.0000000000000000
SA2,RBC-58,TU 29,0.1064000000000000,0.1017176800000000,0.1425000000000000,0.0982116398447915,21.8000000000000007,0.9800000000000000,0.0000245538834643,0.0000001199987769,84366.8127494409272913,421.3788193467743213,1587.6211806532257924,30.0000000000000000
SA2,RBC-10,TU 12,0.1009000000000000,0.0939423300000000,0.1041000000000000,0.0685385357422882,21.8000000000000007,0.9800000000000000,0.0000220192215346,0.0000001135676887,85070.5400863358954666,400.7935226947004139,1608.2064773052995861,30.0000000000000000
SA2,RBC-49,TU 2,0.1039000000000000,0.0981834300000000,0.1346000000000000,0.0919993945642461,21.8000000000000007,0.9800000000000000,0.0000240001430590,0.0000001186229161,84514.1423585143347736,401.6636860395735766,1607.3363139604264234,30.0000000000000000
SA2,RBC-68,TU 30,0.1022000000000000,0.0957801400000000,0.1234000000000000,0.0832835057615521,21.8000000000000007,0.9800000000000000,0.0000232442230512,0.0000001167191110,84720.8483773590269266,394.6716222011751256,1614.3283777988249312,30.0000000000000000
SA2,RBC-38,TU 46,0.1032000000000000,0.0971938400000000,0.1336000000000000,0.0912167520336298,21.8000000000000007,0.9800000000000000,0.0000239312723431,0.0000001184507025,84532.7035087704280159,394.7405051652776820,1614.2594948347223180,30.0000000000000000
SA2,RBC-80,TU 32,0.1027000000000000,0.0964869900000000,0.1407000000000000,0.0967916719737478,21.8000000000000007,0.9800000000000000,0.0000244261960132,0.0000001196828883,84400.4887074705911800,381.1374982099005706,1627.8625017900997136,30.0000000000000000
SA2,RBC-83,TU 39,0.1013000000000000,0.0945078100000000,0.1346000000000000,0.0919993945642461,21.8000000000000007,0.9800000000000000,0.0000240001430590,0.0000001186229161,84514.1423585143347736,372.1530379643954802,1636.8469620356042924,30.0000000000000000
SA2,RBC-28,TU 24,0.1028000000000000,0.0966283600000000,0.1455000000000000,0.1005840508263052,21.8000000000000007,0.9800000000000000,0.0000247687081901,0.0000001205284088,84310.5486506033485057,376.9691937352608875,1632.0308062647391125,30.0000000000000000
SA2,RBC-13,TU 12,0.1037000000000000,0.0979006900000000,0.1561000000000000,0.1090229037713328,21.8000000000000007,0.9800000000000000,0.0000255482041234,0.0000001224313690,84110.4128141590772429,375.1553360147580065,1633.8446639852420503,30.0000000000000000
SA2,RBC-86,TU 24,0.0986000000000000,0.0906908200000000,0.1299000000000000,0.0883284337457212,21.8000000000000007,0.9800000000000000,0.0000236788131793,0.0000001178173147,84601.2028652864682954,347.3495385933574653,1661.6504614066423073,30.0000000000000000
SA2,RBC-76,TU 51,0.1003000000000000,0.0930941100000000,0.1427000000000000,0.0983695760037179,21.8000000000000007,0.9800000000000000,0.0000245681267075,0.0000001200339631,84363.0671354958321899,352.7543397946423056,1656.2456602053575807,30.0000000000000000
SA2,RBC-45,TU 46,0.0975000000000000,0.0891357500000000,0.1219000000000000,0.0821247065544356,21.8000000000000007,0.9800000000000000,0.0000231455313113,0.0000001164683074,84748.3304593549983110,343.2706651312378199,1665.7293348687621801,30.0000000000000000
SA2,RBC-74,TU 51,0.0964000000000000,0.0875806800000000,0.1185000000000000,0.0795058128368995,21.8000000000000007,0.9800000000000000,0.0000229240282232,0.0000001159034729,84810.4401427600969328,334.5998109314086832,1674.4001890685910894,30.0000000000000000
SA2,RBC-73,TU 51,0.0979000000000000,0.0897012299999999,0.1353000000000000,0.0925477488989807,21.8000000000000007,0.9800000000000000,0.0000240485150090,0.0000001187437258,84501.1375871117779752,334.5865913339223994,1674.4134086660776575,30.0000000000000000
SA2,RBC-64,TU 2,0.0982000000000000,0.0901253400000000,0.1401000000000000,0.0963189354332156,21.8000000000000007,0.9800000000000000,0.0000243838337325,0.0000001195779072,84411.7001272658526432,333.1132011167017026,1675.8867988832982974,30.0000000000000000
SA2,RBC-65,TU 2,0.0984000000000000,0.0904080800000000,0.1422000000000000,0.0979747961554406,21.8000000000000007,0.9800000000000000,0.0000245325395350,0.0000001199460303,84372.4297343775688205,333.1746767437363133,1675.8253232562638004,30.0000000000000000
SA2,RBC-43,TU 46,0.0944000000000000,0.0847532799999999,0.1151000000000000,0.0768978434038329,21.8000000000000007,0.9800000000000000,0.0000227055556697,0.0000001153437167,84872.2907458347035572,316.3595102123698553,1692.6404897876300311,30.0000000000000000
SA2,RBC-67,TU 30,0.0969000000000000,0.0882875300000000,0.1357000000000000,0.0928612799682319,21.8000000000000007,0.9800000000000000,0.0000240762163027,0.0000001188128561,84493.7018842734105419,323.7505368575925218,1685.2494631424074214,30.0000000000000000
SA2,RBC-63,TU 2,0.0948000000000000,0.0853187600000000,0.1272000000000000,0.0862282739425187,21.8000000000000007,0.9800000000000000,0.0000234969184845,0.0000001173588922,84651.0102551792224403,309.7976789054538358,1699.2023210945465053,30.0000000000000000
SA2,RBC-40,TU 46,0.0954000000000000,0.0861669800000000,0.1404000000000000,0.0965552669176734,21.8000000000000007,0.9800000000000000,0.0000244050023849,0.0000001196303781,84406.0952897804527311,304.2305968765828084,1704.7694031234173053,30.0000000000000000
SA2,RBC-62,TU 29,0.0929000000000000,0.0826327299999999,0.1229000000000000,0.0828970101106239,21.8000000000000007,0.9800000000000000,0.0000232112595971,0.0000001166354002,84730.0145082164381165,294.1748179881706733,1714.8251820118293836,30.0000000000000000
SA2,RBC-4,TU 28,0.0849000000000000,0.0713231300000000,0.0813000000000000,0.0516339802380967,21.8000000000000007,0.9800000000000000,0.0000206940313904,0.0000001100592569,85471.4485246732947417,245.8191338855139634,1763.1808661144859798,30.0000000000000000
SA2,RBC-50,TU 2,0.0904000000000000,0.0790984800000000,0.1376000000000000,0.0943523856729152,21.8000000000000007,0.9800000000000000,0.0000242083967754,0.0000001191421804,84458.3388213811413152,258.4462571543480180,1750.5537428456520956,30.0000000000000000
SA3,RBC-106,TU 1,0.1002000000000000,0.0929527400000000,0.1349000000000000,0.0922343528243692,23.3000000000000007,0.9800000000000000,0.0000285947173128,0.0000001186746655,84508.5700884172547376,302.1611222452240781,1706.8388777547759219,30.0000000000000000
SA3,RBC-107,TU 1,0.1065000000000000,0.1018590500000000,0.1350000000000000,0.0923126891686091,23.3000000000000007,0.9800000000000000,0.0000286028337898,0.0000001186919240,84506.7122636772692204,362.7355996669658111,1646.2644003330342457,30.0000000000000000
SA3,RBC-109,TU 1,0.1276000000000000,0.1316881200000000,0.1470000000000000,0.1017729403895998,23.3000000000000007,0.9800000000000000,0.0000296001485064,0.0000001207947026,84282.3529457202530466,585.8673629762204200,1423.1326370237795800,30.0000000000000000
SA3,RBC-111,TU 1,0.0900000000000000,0.0785329999999999,0.1470000000000000,0.1017729403895998,23.3000000000000007,0.9800000000000000,0.0000296001485064,0.0000001207947026,84282.3529457202530466,208.3581468407743955,1800.6418531592255476,30.0000000000000000
SA3,RBC-112,TU 1,0.1348000000000000,0.1418667600000000,0.1385000000000000,0.0950597489719778,23.3000000000000007,0.9800000000000000,0.0000288889199946,0.0000001192987272,84441.5629933805757901,696.6746280818676951,1312.3253719181323049,30.0000000000000000
SA3,RBC-113,TU 1,0.0941000000000000,0.0843291700000000,0.1526000000000000,0.1062269653830639,23.3000000000000007,0.9800000000000000,0.0000300816660055,0.0000001217975802,84176.7212889752554474,236.4034263121242816,1772.5965736878756616,30.0000000000000000
SA3,RBC-115,TU 2,0.1287000000000000,0.1332431900000000,0.1280000000000000,0.0868498728050985,23.3000000000000007,0.9800000000000000,0.0000280423126965,0.0000001174943885,84636.2684165542887058,633.1056883038496608,1375.8943116961504529,30.0000000000000000
SA3,RBC-116,TU 2,0.0917000000000000,0.0809362900000000,0.1140000000000000,0.0760564726886287,23.3000000000000007,0.9800000000000000,0.0000269669241844,0.0000001151637082,84892.2446937164786505,242.9154691194900124,1766.0845308805101013,30.0000000000000000
SA3,RBC-118,TU 2,0.1188000000000000,0.1192475600000000,0.1450000000000000,0.1001881499931241,23.3000000000000007,0.9800000000000000,0.0000294306849241,0.0000001204398632,84319.9378347630699864,483.1685230100466129,1525.8314769899534440,30.0000000000000000
SA3,RBC-119,TU 2,0.0953000000000000,0.0860256100000000,0.1473000000000000,0.1020109310185049,23.3000000000000007,0.9800000000000000,0.0000296256812694,0.0000001208480797,84276.7087599651422352,249.7969754209474331,1759.2030245790524532,30.0000000000000000
SA3,RBC-123,TU 2,0.1373000000000000,0.1454010100000000,0.1432000000000000,0.0987645574003882,23.3000000000000007,0.9800000000000000,0.0000292792857694,0.0000001201220053,84353.6997566923964769,722.0617973936682574,1286.9382026063315152,30.0000000000000000
SA3,RBC-125,TU 2,0.0964000000000000,0.0875806800000000,0.1389000000000000,0.0953743479110270,23.3000000000000007,0.9800000000000000,0.0000289218652520,0.0000001193684172,84434.1019649420777569,265.2102636685733614,1743.7897363314266386,30.0000000000000000
SA3,RBC-126,TU 2,0.0948000000000000,0.0853187600000000,0.1397000000000000,0.0960039414646780,23.3000000000000007,0.9800000000000000,0.0000289879100771,0.0000001195080072,84419.1705242236930644,251.1147160517222119,1757.8852839482779018,30.0000000000000000
SA3,RBC-127,TU 2,0.0941000000000000,0.0843291700000000,0.1368000000000000,0.0937241837053687,23.3000000000000007,0.9800000000000000,0.0000287494749846,0.0000001190033251,84473.2372592434694525,247.3578705938132316,1761.6421294061867684,30.0000000000000000
SA3,RBC-128,TU 7,0.1012000000000000,0.0943664400000000,0.1446000000000000,0.0998715724444616,23.3000000000000007,0.9800000000000000,0.0000293969493366,0.0000001203691055,84327.4457879071414936,302.9234393105137428,1706.0765606894863140,30.0000000000000000
SA3,RBC-129,TU 7,0.0892000000000000,0.0774020400000000,0.1363000000000000,0.0933318289437496,23.3000000000000007,0.9800000000000000,0.0000287086376827,0.0000001189166827,84482.5423447700304678,208.6854786485162947,1800.3145213514837906,30.0000000000000000
SA3,RBC-130,TU 7,0.1058000000000000,0.1008694600000000,0.1247000000000000,0.0842894604181580,23.3000000000000007,0.9800000000000000,0.0000277833913574,0.0000001169372718,84696.9911567229573848,366.2133189499489276,1642.7866810500511292,30.0000000000000000
SA3,RBC-131,TU 7,0.0928000000000000,0.0824913599999999,0.1365000000000000,0.0934887457323866,23.3000000000000007,0.9800000000000000,0.0000287249630242,0.0000001189513266,84478.8209062107198406,236.8958480092533705,1772.1041519907466864,30.0000000000000000
SA3,RBC-132,TU 7,0.1297000000000000,0.1346568900000000,0.1532000000000000,0.1067056117955115,23.3000000000000007,0.9800000000000000,0.0000301338755767,0.0000001219058475,84165.3697106576437363,601.7306993355327904,1407.2693006644672096,30.0000000000000000
SA3,RBC-143,TU 7,0.1058000000000000,0.1008694600000000,0.1383000000000000,0.0949024991040740,23.3000000000000007,0.9800000000000000,0.0000288724666301,0.0000001192639084,84445.2923312477796571,352.3996785950063213,1656.6003214049937924,30.0000000000000000
SA3,RBC-144,TU 7,0.1071000000000000,0.1027072699999999,0.1484000000000000,0.1028841665616013,23.3000000000000007,0.9800000000000000,0.0000297195549259,0.0000001210441329,84255.9991058250598144,354.9441886710562244,1654.0558113289434914,30.0000000000000000
SA3,RBC-146,TU 7,0.0900000000000000,0.0785329999999999,0.1299000000000000,0.0883284337457212,23.3000000000000007,0.9800000000000000,0.0000281929295572,0.0000001178173147,84601.2028652864682954,218.7581136787292451,1790.2418863212708402,30.0000000000000000
SA3,RBC-148,TU 7,0.1184000000000000,0.1186820800000000,0.1252000000000000,0.0846767738824716,23.3000000000000007,0.9800000000000000,0.0000278224043633,0.0000001170213770,84687.8056306032958673,506.2623606925267268,1502.7376393074732732,30.0000000000000000
SA3,RBC-151,TU 24,0.1054000000000000,0.1003039799999999,0.1291000000000000,0.0877054950981058,23.3000000000000007,0.9800000000000000,0.0000281293741754,0.0000001176811533,84615.9764782533165999,357.6648503129068217,1651.3351496870932351,30.0000000000000000
SA3,RBC-152,TU 24,0.1002000000000000,0.0929527400000000,0.1393000000000000,0.0956890788498912,23.3000000000000007,0.9800000000000000,0.0000289548619274,0.0000001194381772,84426.6378059959824895,298.4028000261626516,1710.5971999738374052,30.0000000000000000
SA3,RBC-154,TU 24,0.1010000000000000,0.0940837000000000,0.1259000000000000,0.0852193912051794,23.3000000000000007,0.9800000000000000,0.0000278771528460,0.0000001171393081,84674.9369181779620703,317.5267809663979506,1691.4732190336021631,30.0000000000000000
SA3,RBC-169,TU 24,0.1003000000000000,0.0930941100000000,0.1173000000000000,0.0785840917710569,23.3000000000000007,0.9800000000000000,0.0000272150031085,0.0000001157053315,84832.2996795576182194,318.4461630273776791,1690.5538369726223209,30.0000000000000000
SA3,RBC-173,TU 37,0.0880000000000000,0.0757055999999999,0.1319000000000000,0.0898882200415108,23.3000000000000007,0.9800000000000000,0.0000283526975575,0.0000001181589430,84564.2109734955301974,202.1443589181029097,1806.8556410818966924,30.0000000000000000
SA3,RBC-176,TU 37,0.0893000000000000,0.0775434100000000,0.1155000000000000,0.0772040875071916,23.3000000000000007,0.9800000000000000,0.0000270792779242,0.0000001154093065,84865.0278606794454390,222.0509886291192458,1786.9490113708807257,30.0000000000000000
SA3,RBC-177,TU 37,0.0906000000000000,0.0793812200000000,0.1397000000000000,0.0960039414646780,23.3000000000000007,0.9800000000000000,0.0000289879100771,0.0000001195080072,84419.1705242236930644,217.3795238060911572,1791.6204761939088712,30.0000000000000000
SA3,RBC-178,TU 37,0.1102000000000000,0.1070897400000000,0.1323000000000000,0.0902005926265535,23.3000000000000007,0.9800000000000000,0.0000283848023517,0.0000001182274786,84556.8027452686510514,404.0265023222563059,1604.9734976777435804,30.0000000000000000
SA3,RBC-181,TU 26,0.1108000000000000,0.1079379600000000,0.1566000000000000,0.1094230743572184,23.3000000000000007,0.9800000000000000,0.0000304320119592,0.0000001225223499,84100.9223685442120768,382.8403861230377743,1626.1596138769621120,30.0000000000000000
SA3,RBC-182,TU 26,0.1087000000000000,0.1049691900000000,0.1309000000000000,0.0891078929472999,23.3000000000000007,0.9800000000000000,0.0000282726562534,0.0000001179879102,84582.7172108618397033,389.7239350454260602,1619.2760649545739398,30.0000000000000000
SA3,RBC-183,TU 26,0.0953000000000000,0.0860256100000000,0.1407000000000000,0.0967916719737478,23.3000000000000007,0.9800000000000000,0.0000290707560219,0.0000001196828883,84400.4887074705911800,254.5652947692181272,1754.4347052307819013,30.0000000000000000
SA3,RBC-185,TU 26,0.1276000000000000,0.1316881200000000,0.1526000000000000,0.1062269653830639,23.3000000000000007,0.9800000000000000,0.0000300816660055,0.0000001217975802,84176.7212889752554474,576.4893788108363424,1432.5106211891636576,30.0000000000000000
SA3,RBC-186,TU 26,0.1006000000000000,0.0935182199999999,0.1474000000000000,0.1020902769268896,23.3000000000000007,0.9800000000000000,0.0000296341987692,0.0000001208658808,84274.8269924018823076,295.1204296122808159,1713.8795703877192409,30.0000000000000000
SA3,RBC-189,TU 29,0.1012000000000000,0.0943664400000000,0.1562000000000000,0.1091029229711214,23.3000000000000007,0.9800000000000000,0.0000303967350085,0.0000001224495564,84108.5150788168830331,292.9599180893422385,1716.0400819106578183,30.0000000000000000
SA3,RBC-190,TU 29,0.1021000000000000,0.0956387699999999,0.1198000000000000,0.0805058791151513,23.3000000000000007,0.9800000000000000,0.0000274051474025,0.0000001161188399,84786.7225709050690057,333.7611797073171829,1675.2388202926827034,30.0000000000000000
SA3,RBC-192,TU 29,0.1115000000000000,0.1089275500000000,0.1523000000000000,0.1059877448939300,23.3000000000000007,0.9800000000000000,0.0000300556063361,0.0000001217435059,84182.3946420955617214,394.7753046909214731,1614.2246953090784700,30.0000000000000000
SA3,RBC-196,TU 29,0.0915000000000000,0.0806535499999999,0.1407000000000000,0.0967916719737478,23.3000000000000007,0.9800000000000000,0.0000290707560219,0.0000001196828883,84400.4887074705911800,223.7642228054930342,1785.2357771945069089,30.0000000000000000
SA3,RBC-201,TU 31,0.0920000000000000,0.0813604000000000,0.1341000000000000,0.0916079670285481,23.3000000000000007,0.9800000000000000,0.0000285298998768,0.0000001185367547,84523.4254539509565802,232.0202565290310304,1776.9797434709689696,30.0000000000000000
SA3,RBC-205,TU 31,0.1353000000000000,0.1425736100000000,0.1343000000000000,0.0917645125758215,23.3000000000000007,0.9800000000000000,0.0000285460851842,0.0000001185712061,84519.7128197518177330,712.0848318515960500,1296.9151681484040637,30.0000000000000000
SA3,RBC-211,TU 33,0.1143000000000000,0.1128859100000000,0.1337000000000000,0.0912949779968085,23.3000000000000007,0.9800000000000000,0.0000284975673247,0.0000001184679042,84530.8483018276892835,447.1689997717551250,1561.8310002282448750,30.0000000000000000
SA3,RBC-232,TU 41,0.0994000000000000,0.0957609151486576,0.2515000000000000,0.1882894382803946,23.3000000000000007,0.9800000000000000,0.0000286252084002,0.0000001187394880,84501.5935454077261966,345.1629019387482344,1663.8370980612517087,30.0000000000000000
SA3,RBC-230,TU 41,0.1013000000000000,0.0970451261043924,0.2758000000000000,0.2092749193050186,23.3000000000000007,0.9800000000000000,0.0000307430376969,0.0000001231623748,84034.3582244539429666,333.7890712413808956,1675.2109287586190476,30.0000000000000000
SA3,RBC-229,TU 41,0.1209000000000000,0.1113410004098632,0.2713000000000000,0.2053676287727785,23.3000000000000007,0.9800000000000000,0.0000287809938531,0.0000001190701561,84466.0644817450956907,507.8632820890608173,1501.1367179109392964,30.0000000000000000
SA3,RBC-228,TU 41,0.1379000000000000,0.1254352473305301,0.3215000000000000,0.2494614879172122,23.3000000000000007,0.9800000000000000,0.0000320853952070,0.0000001258891152,83754.5936782462522388,592.6811833641941121,1416.3188166358058879,30.0000000000000000
SA3,RBC-227,TU 41,0.1216000000000000,0.1118887951833210,0.2670000000000000,0.2016428041231051,23.3000000000000007,0.9800000000000000,0.0000283389148648,0.0000001181295089,84567.3939239840838127,521.7758008917676307,1487.2241991082323693,30.0000000000000000
SA3,RBC-226,TU 41,0.0998000000000000,0.0960298554984298,0.1850000000000000,0.1324440308816989,23.3000000000000007,0.9800000000000000,0.0000233591985220,0.0000001069933012,85832.4014166103879688,426.3862045873416946,1582.6137954126584191,30.0000000000000000
SA3,RBC-225,TU 41,0.1017000000000000,0.0973176731045718,0.2874000000000000,0.2193896145690191,23.3000000000000007,0.9800000000000000,0.0000318590252916,0.0000001254332437,83800.9418362291617086,324.6455252584616460,1684.3544747415382972,30.0000000000000000
SA3,RBC-224,TU 34,0.1181000000000000,0.1091765097394013,0.2577000000000000,0.1936168031791378,23.3000000000000007,0.9800000000000000,0.0000277985778394,0.0000001169700180,84693.4140007832029369,501.7382572793247277,1507.2617427206751017,30.0000000000000000
SA3,RBC-223,TU 34,0.0934000000000000,0.0918160223586612,0.2511000000000000,0.1879463888284310,23.3000000000000007,0.9800000000000000,0.0000290011903247,0.0000001195360571,84416.1722288029413903,300.8000672497739743,1708.1999327502260257,30.0000000000000000
SA3,RBC-222,TU 34,0.1123000000000000,0.1048258485447721,0.2681000000000000,0.2025948401864638,23.3000000000000007,0.9800000000000000,0.0000291738703173,0.0000001199002152,84377.3105942256370327,432.2803201236571340,1576.7196798763429797,30.0000000000000000
SA3,RBC-221,TU 34,0.1238000000000000,0.1136280435314555,0.2833000000000000,0.2158076694482561,23.3000000000000007,0.9800000000000000,0.0000296437929954,0.0000001208859292,84272.7079917571536498,517.0202073121666899,1491.9797926878331964,30.0000000000000000
SA3,RBC-220,TU 34,0.1156000000000000,0.1072795106885471,0.2610000000000000,0.1964599878845486,23.3000000000000007,0.9800000000000000,0.0000282800919717,0.0000001180038088,84580.9958028196269879,472.5359455471680121,1536.4640544528319879,30.0000000000000000
SA3,RBC-219,TU 34,0.0940000000000000,0.0922030857396225,0.2428000000000000,0.1808462372742479,23.3000000000000007,0.9800000000000000,0.0000282250932522,0.0000001178861653,84593.7390182048256975,313.0547672963359105,1695.9452327036640327,30.0000000000000000
SA3,RBC-218,TU 34,0.1220000000000000,0.1122030299801113,0.2712000000000000,0.2052809067025556,23.3000000000000007,0.9800000000000000,0.0000286822366049,0.0000001188606369,84488.5650756505056052,518.9274534271056609,1490.0725465728942254,30.0000000000000000
SA3,RBC-217,TU 34,0.0912000000000000,0.0904106398469454,0.2608000000000000,0.1962875238827804,23.3000000000000007,0.9800000000000000,0.0000300435372790,0.0000001217184546,84185.0238182061293628,276.8462289501219402,1732.1537710498780598,30.0000000000000000
SA3,RBC-216,TU 34,0.1066000000000000,0.1007191527628577,0.2413000000000000,0.1795668107503965,23.3000000000000007,0.9800000000000000,0.0000272410024484,0.0000001157619554,84826.0489431675232481,417.1491126848961812,1591.8508873151038188,30.0000000000000000
SA3,RBC-214,TU 33,0.1261000000000000,0.1154752623107243,0.2645000000000000,0.1994812132029201,23.3000000000000007,0.9800000000000000,0.0000277548689146,0.0000001168757461,84703.7148686406872002,572.9160547994048329,1436.0839452005952808,30.0000000000000000
SA3,RBC-212,TU 33,0.1330000000000000,0.1211990575838646,0.2851000000000000,0.2173793072864433,23.3000000000000007,0.9800000000000000,0.0000290064319562,0.0000001195471265,84414.9891980536485789,609.8302620159155367,1399.1697379840843496,30.0000000000000000
SA3,RBC-211,TU 33,0.1143000000000000,0.1128859100000000,0.1337000000000000,0.0912949779968085,23.3000000000000007,0.9800000000000000,0.0000284975673247,0.0000001184679042,84530.8483018276892835,518.9526540684663587,1490.0473459315335276,30.0000000000000000
SA3,RBC-210,TU 33,0.1132000000000000,0.1054894088568553,0.2423000000000000,0.1804196334745786,23.3000000000000007,0.9800000000000000,0.0000268571155280,0.0000001149231908,84918.9547929660766385,477.1264429593343834,1531.8735570406656734,30.0000000000000000
SA3,RBC-208,TU 33,0.1290000000000000,0.1178472268467858,0.2952000000000000,0.2262245449702921,23.3000000000000007,0.9800000000000000,0.0000303169331092,0.0000001222847342,84125.7235233829269418,548.9011682038029676,1460.0988317961969187,30.0000000000000000
SA3,RBC-206,TU 33,0.0996000000000000,0.0958952910424854,0.2472000000000000,0.1846058446315748,23.3000000000000007,0.9800000000000000,0.0000282319864125,0.0000001179009161,84592.1405110811610939,351.3801634455515455,1657.6198365544485114,30.0000000000000000
